LOC_ID,REGION,PROVINCE,CITY,TOWN
L40605,CAR,,,,,Dg0040605,R040605,"1,611,669",
L40606,CAR,ABRA,,,,Dg0040606,R040606,234733,
L40607,CAR,ABRA,,BANGUED (Capital),Agtangao,Dg0040607,R040607,2164,
L40608,CAR,ABRA,,BANGUED (Capital),Angad,Dg0040608,R040608,2298,
L40609,CAR,ABRA,,BANGUED (Capital),Ba人cao,Dg0040609,R040609,1190,
L40610,CAR,ABRA,,BANGUED (Capital),Bangbangar,Dg0040610,R040610,1749,
L40611,CAR,ABRA,,BANGUED (Capital),Cabuloan,Dg0040611,R040611,1131,
L40612,CAR,ABRA,,BANGUED (Capital),Calaba,Dg0040612,R040612,2890,
L40613,CAR,ABRA,,BANGUED (Capital),Tablac (Calot),Dg0040613,R040613,1408,
L40614,CAR,ABRA,,BANGUED (Capital),Cosili West (Buaya),Dg0040614,R040614,1175,
L40615,CAR,ABRA,,BANGUED (Capital),Cosili East (Proper),Dg0040615,R040615,957,
L40616,CAR,ABRA,,BANGUED (Capital),Dangdangla,Dg0040616,R040616,1623,
L40617,CAR,ABRA,,BANGUED (Capital),Lingtan,Dg0040617,R040617,862,
L40618,CAR,ABRA,,BANGUED (Capital),Lipcan,Dg0040618,R040618,1676,
L40619,CAR,ABRA,,BANGUED (Capital),Lubong,Dg0040619,R040619,690,
L40620,CAR,ABRA,,BANGUED (Capital),Macarcarmay,Dg0040620,R040620,695,
L40621,CAR,ABRA,,BANGUED (Capital),Maoay,Dg0040621,R040621,736,
L40622,CAR,ABRA,,BANGUED (Capital),Macray,Dg0040622,R040622,755,
L40623,CAR,ABRA,,BANGUED (Capital),Malita,Dg0040623,R040623,373,
L40624,CAR,ABRA,,BANGUED (Capital),Palao,Dg0040624,R040624,1676,
L40625,CAR,ABRA,,BANGUED (Capital),Patucannay,Dg0040625,R040625,1411,
L40626,CAR,ABRA,,BANGUED (Capital),Sagap,Dg0040626,R040626,775,
L40627,CAR,ABRA,,BANGUED (Capital),San Antonio,Dg0040627,R040627,913,
L40628,CAR,ABRA,,BANGUED (Capital),Santa Rosa,Dg0040628,R040628,1784,
L40629,CAR,ABRA,,BANGUED (Capital),Sao-atan,Dg0040629,R040629,976,
L40630,CAR,ABRA,,BANGUED (Capital),Sappaac,Dg0040630,R040630,1238,
L40631,CAR,ABRA,,BANGUED (Capital),Zone 2 Pob. (Consiliman),Dg0040631,R040631,1325,
L40632,CAR,ABRA,,BANGUED (Capital),Zone 3 Pob. (Lalaud),Dg0040632,R040632,1622,
L40633,CAR,ABRA,,BANGUED (Capital),Zone 4 Pob. (Town Proper),Dg0040633,R040633,1040,
L40634,CAR,ABRA,,BANGUED (Capital),Zone 5 Pob. (Bo. Barikir),Dg0040634,R040634,2277,
L40635,CAR,ABRA,,BANGUED (Capital),Zone 6 Pob (Sinapangan),Dg0040635,R040635,1789,
L40636,CAR,ABRA,,BANGUED (Capital),Zone 7 Pob. (Baliling),Dg0040636,R040636,2721,
L40637,CAR,ABRA,,BANGUED (Capital),Zone 1 Pob. (Nalasin),Dg0040637,R040637,2017,
L40638,CAR,ABRA,,BOLINEY,,Dg0040638,R040638,4063,
L40639,CAR,ABRA,,BOLINEY,Amti,Dg0040639,R040639,411,
L40640,CAR,ABRA,,BOLINEY,Bao-yan,Dg0040640,R040640,577,
L40641,CAR,ABRA,,BOLINEY,Danac East,Dg0040641,R040641,518,
L40642,CAR,ABRA,,BOLINEY,Dao-angan,Dg0040642,R040642,399,
L40643,CAR,ABRA,,BOLINEY,Dumagas,Dg0040643,R040643,387,
L40644,CAR,ABRA,,BOLINEY,Kilong-Olao,Dg0040644,R040644,234,
L40645,CAR,ABRA,,BOLINEY,Poblacion (Boliney),Dg0040645,R040645,919,
L40646,CAR,ABRA,,BOLINEY,Danac West,Dg0040646,R040646,618,
L40647,CAR,ABRA,,BUCAY,,Dg0040647,R040647,17126,
L40648,CAR,ABRA,,BUCAY,Abang,Dg0040648,R040648,820,
L40649,CAR,ABRA,,BUCAY,Bangbangcag,Dg0040649,R040649,1088,
L40650,CAR,ABRA,,BUCAY,Bangcagan,Dg0040650,R040650,616,
L40651,CAR,ABRA,,BUCAY,Banglolao,Dg0040651,R040651,598,
L40652,CAR,ABRA,,BUCAY,Bugbog,Dg0040652,R040652,698,
L40653,CAR,ABRA,,BUCAY,Calao,Dg0040653,R040653,721,
L40654,CAR,ABRA,,BUCAY,Dugong,Dg0040654,R040654,1532,
L40655,CAR,ABRA,,BUCAY,Labon,Dg0040655,R040655,632,
L40656,CAR,ABRA,,BUCAY,Layugan,Dg0040656,R040656,1002,
L40657,CAR,ABRA,,BUCAY,Madalipay,Dg0040657,R040657,369,
L40658,CAR,ABRA,,BUCAY,Pagala,Dg0040658,R040658,1262,
L40659,CAR,ABRA,,BUCAY,Palaquio,Dg0040659,R040659,994,
L40660,CAR,ABRA,,BUCAY,Pakiling,Dg0040660,R040660,708,
L40661,CAR,ABRA,,BUCAY,Patoc,Dg0040661,R040661,787,
L40662,CAR,ABRA,,BUCAY,North Poblacion,Dg0040662,R040662,1123,
L40663,CAR,ABRA,,BUCAY,South Poblacion,Dg0040663,R040663,579,
L40664,CAR,ABRA,,BUCAY,Quimloong,Dg0040664,R040664,526,
L40665,CAR,ABRA,,BUCAY,Salnec,Dg0040665,R040665,370,
L40666,CAR,ABRA,,BUCAY,San Miguel,Dg0040666,R040666,653,
L40667,CAR,ABRA,,BUCAY,Siblong,Dg0040667,R040667,972,
L40668,CAR,ABRA,,BUCAY,Tabiog,Dg0040668,R040668,1076,
L40669,CAR,ABRA,,BUCLOC,,Dg0040669,R040669,2176,
L40670,CAR,ABRA,,BUCLOC,Ducligan,Dg0040670,R040670,437,
L40671,CAR,ABRA,,BUCLOC,Labaan,Dg0040671,R040671,587,
L40672,CAR,ABRA,,BUCLOC,Lingay,Dg0040672,R040672,606,
L40673,CAR,ABRA,,BUCLOC,Lamao (Pob.),Dg0040673,R040673,546,
L40674,CAR,ABRA,,DAGUIOMAN,,Dg0040674,R040674,1715,
L40675,CAR,ABRA,,DAGUIOMAN,Ableg,Dg0040675,R040675,175,
L40676,CAR,ABRA,,DAGUIOMAN,Cabaruyan,Dg0040676,R040676,412,
L40677,CAR,ABRA,,DAGUIOMAN,Pikek,Dg0040677,R040677,313,
L40678,CAR,ABRA,,DAGUIOMAN,Tui (Pob.),Dg0040678,R040678,815,
L40679,CAR,ABRA,,DANGLAS,,Dg0040679,R040679,,
L40680,CAR,ABRA,,DANGLAS,Abaquid,Dg0040680,R040680,423,
L40681,CAR,ABRA,,DANGLAS,Cabaruan,Dg0040681,R040681,650,
L40682,CAR,ABRA,,DANGLAS,Caupasan (Pob.),Dg0040682,R040682,1398,
L40683,CAR,ABRA,,DANGLAS,Danglas,Dg0040683,R040683,479,
L40684,CAR,ABRA,,DANGLAS,Nagaparan,Dg0040684,R040684,819,
L40685,CAR,ABRA,,DANGLAS,Padangitan,Dg0040685,R040685,502,
L40686,CAR,ABRA,,DANGLAS,Pangal,Dg0040686,R040686,463,
L40687,CAR,ABRA,,DOLORES,,Dg0040687,R040687,11499,
L40688,CAR,ABRA,,DOLORES,Bayaan,Dg0040688,R040688,437,
L40689,CAR,ABRA,,DOLORES,Cabaroan,Dg0040689,R040689,561,
L40690,CAR,ABRA,,DOLORES,Calumbaya,Dg0040690,R040690,434,
L40691,CAR,ABRA,,DOLORES,Cardona,Dg0040691,R040691,463,
L40692,CAR,ABRA,,DOLORES,Isit,Dg0040692,R040692,726,
L40693,CAR,ABRA,,DOLORES,Kimmalaba,Dg0040693,R040693,889,
L40694,CAR,ABRA,,DOLORES,Libtec,Dg0040694,R040694,638,
L40695,CAR,ABRA,,DOLORES,Lub-lubba,Dg0040695,R040695,295,
L40696,CAR,ABRA,,DOLORES,Mudiit,Dg0040696,R040696,1439,
L40697,CAR,ABRA,,DOLORES,Namit-ingan,Dg0040697,R040697,617,
L40698,CAR,ABRA,,DOLORES,Pacac,Dg0040698,R040698,605,
L40699,CAR,ABRA,,DOLORES,Poblacion,Dg0040699,R040699,2257,
L40700,CAR,ABRA,,DOLORES,Salucag,Dg0040700,R040700,551,
L40701,CAR,ABRA,,DOLORES,Talogtog,Dg0040701,R040701,1162,
L40702,CAR,ABRA,,DOLORES,Taping,Dg0040702,R040702,425,
L40703,CAR,ABRA,,LA PAZ,,Dg0040703,R040703,14882,
L40704,CAR,ABRA,,LA PAZ,Benben (Bonbon),Dg0040704,R040704,551,
L40705,CAR,ABRA,,LA PAZ,Bulbulala,Dg0040705,R040705,1183,
L40706,CAR,ABRA,,LA PAZ,Buli,Dg0040706,R040706,1453,
L40707,CAR,ABRA,,LA PAZ,Canan (Gapan),Dg0040707,R040707,1155,
L40708,CAR,ABRA,,LA PAZ,Liguis,Dg0040708,R040708,911,
L40709,CAR,ABRA,,LA PAZ,Malabbaga,Dg0040709,R040709,1243,
L40710,CAR,ABRA,,LA PAZ,Mudeng,Dg0040710,R040710,1153,
L40711,CAR,ABRA,,LA PAZ,Pidipid,Dg0040711,R040711,950,
L40712,CAR,ABRA,,LA PAZ,Poblacion,Dg0040712,R040712,3687,
L40713,CAR,ABRA,,LA PAZ,San Gregorio,Dg0040713,R040713,1178,
L40714,CAR,ABRA,,LA PAZ,Toon,Dg0040714,R040714,928,
L40715,CAR,ABRA,,LA PAZ,Udangan,Dg0040715,R040715,490,
L40716,CAR,ABRA,,LACUB,,Dg0040716,R040716,2977,
L40717,CAR,ABRA,,LACUB,Bacag,Dg0040717,R040717,233,
L40718,CAR,ABRA,,LACUB,Buneg,Dg0040718,R040718,827,
L40719,CAR,ABRA,,LACUB,Guinguinabang,Dg0040719,R040719,290,
L40720,CAR,ABRA,,LACUB,Lan-ag,Dg0040720,R040720,353,
L40721,CAR,ABRA,,LACUB,Pacoc,Dg0040721,R040721,571,
L40722,CAR,ABRA,,LACUB,Poblacion (Talampac),Dg0040722,R040722,703,
L40723,CAR,ABRA,,LAGANGILAG,,Dg0040723,R040723,13824,
L40724,CAR,ABRA,,LAGANGILAG,Aguet,Dg0040724,R040724,288,
L40725,CAR,ABRA,,LAGANGILAG,Bacooc,Dg0040725,R040725,379,
L40726,CAR,ABRA,,LAGANGILAG,Balais,Dg0040726,R040726,533,
L40727,CAR,ABRA,,LAGANGILAG,Cayapa,Dg0040727,R040727,992,
L40728,CAR,ABRA,,LAGANGILAG,Dalaguisen,Dg0040728,R040728,840,
L40729,CAR,ABRA,,LAGANGILAG,Laang,Dg0040729,R040729,797,
L40730,CAR,ABRA,,LAGANGILAG,Lagben,Dg0040730,R040730,397,
L40731,CAR,ABRA,,LAGANGILAG,Laguiben,Dg0040731,R040731,944,
L40732,CAR,ABRA,,LAGANGILAG,Nagtipulan,Dg0040732,R040732,1209,
L40733,CAR,ABRA,,LAGANGILAG,Nagtupacan,Dg0040733,R040733,1059,
L40734,CAR,ABRA,,LAGANGILAG,Paganao,Dg0040734,R040734,342,
L40735,CAR,ABRA,,LAGANGILAG,Pawa,Dg0040735,R040735,360,
L40736,CAR,ABRA,,LAGANGILAG,Poblacion,Dg0040736,R040736,1473,
L40737,CAR,ABRA,,LAGANGILAG,Presentar,Dg0040737,R040737,725,
L40738,CAR,ABRA,,LAGANGILAG,San Isidro,Dg0040738,R040738,1415,
L40739,CAR,ABRA,,LAGANGILAG,Tagodtod,Dg0040739,R040739,1617,
L40740,CAR,ABRA,,LAGANGILAG,Taping,Dg0040740,R040740,454,
L40741,CAR,ABRA,,LAGAYAN,,Dg0040741,R040741,4477,
L40742,CAR,ABRA,,LAGAYAN,Ba-i,Dg0040742,R040742,851,
L40743,CAR,ABRA,,LAGAYAN,Collago,Dg0040743,R040743,1049,
L40744,CAR,ABRA,,LAGAYAN,Pang-ot,Dg0040744,R040744,366,
L40745,CAR,ABRA,,LAGAYAN,Poblacion,Dg0040745,R040745,1236,
L40746,CAR,ABRA,,LAGAYAN,Pulot,Dg0040746,R040746,975,
L40747,CAR,ABRA,,LANGIDEN,,Dg0040747,R040747,3170,
L40748,CAR,ABRA,,LANGIDEN,Baac,Dg0040748,R040748,360,
L40749,CAR,ABRA,,LANGIDEN,Dalayap (Nalaas),Dg0040749,R040749,470,
L40750,CAR,ABRA,,LANGIDEN,Mabungtot,Dg0040750,R040750,500,
L40751,CAR,ABRA,,LANGIDEN,Malapaao,Dg0040751,R040751,707,
L40752,CAR,ABRA,,LANGIDEN,Poblacion,Dg0040752,R040752,379,
L40753,CAR,ABRA,,LANGIDEN,Quillat,Dg0040753,R040753,754,
L40754,CAR,ABRA,,LICUAN-BAAY(LICUAN),,Dg0040754,R040754,4864,
L40755,CAR,ABRA,,LICUAN-BAAY(LICUAN),Bonglo (Patagui),Dg0040755,R040755,261,
L40756,CAR,ABRA,,LICUAN-BAAY(LICUAN),Bulbulala,Dg0040756,R040756,363,
L40757,CAR,ABRA,,LICUAN-BAAY(LICUAN),Cawayan,Dg0040757,R040757,483,
L40758,CAR,ABRA,,LICUAN-BAAY(LICUAN),Domenglay,Dg0040758,R040758,417,
L40759,CAR,ABRA,,LICUAN-BAAY(LICUAN),Lenneng,Dg0040759,R040759,359,
L40760,CAR,ABRA,,LICUAN-BAAY(LICUAN),Mapisla,Dg0040760,R040760,518,
L40761,CAR,ABRA,,LICUAN-BAAY(LICUAN),Mogao,Dg0040761,R040761,349,
L40762,CAR,ABRA,,LICUAN-BAAY(LICUAN),Nalbuan,Dg0040762,R040762,852,
L40763,CAR,ABRA,,LICUAN-BAAY(LICUAN),Poblacion,Dg0040763,R040763,379,
L40764,CAR,ABRA,,LICUAN-BAAY(LICUAN),Subagan,Dg0040764,R040764,525,
L40765,CAR,ABRA,,LICUAN-BAAY(LICUAN),Tumalip,Dg0040765,R040765,358,
L40766,CAR,ABRA,,LUBA,,Dg0040766,R040766,6391,
L40767,CAR,ABRA,,LUBA,Ampalioc,Dg0040767,R040767,1177,
L40768,CAR,ABRA,,LUBA,Barit,Dg0040768,R040768,572,
L40769,CAR,ABRA,,LUBA,Gayaman,Dg0040769,R040769,1020,
L40770,CAR,ABRA,,LUBA,Lul-luno,Dg0040770,R040770,379,
L40771,CAR,ABRA,,LUBA,Luzong,Dg0040771,R040771,920,
L40772,CAR,ABRA,,LUBA,Nagbukel-Tuquipa,Dg0040772,R040772,534,
L40773,CAR,ABRA,,LUBA,Poblacion,Dg0040773,R040773,1128,
L40774,CAR,ABRA,,LUBA,Sabnangan,Dg0040774,R040774,661,
L40775,CAR,ABRA,,MALIBCONG,,Dg0040775,R040775,3807,
L40776,CAR,ABRA,,MALIBCONG,Bayabas,Dg0040776,R040776,218,
L40777,CAR,ABRA,,MALIBCONG,Binasaran,Dg0040777,R040777,191,
L40778,CAR,ABRA,,MALIBCONG,Buanao,Dg0040778,R040778,345,
L40779,CAR,ABRA,,MALIBCONG,Dulao,Dg0040779,R040779,223,
L40780,CAR,ABRA,,MALIBCONG,Duldulao,Dg0040780,R040780,362,
L40781,CAR,ABRA,,MALIBCONG,Gacab,Dg0040781,R040781,433,
L40782,CAR,ABRA,,MALIBCONG,Lat-ey,Dg0040782,R040782,203,
L40783,CAR,ABRA,,MALIBCONG,Malibcong (Pob.),Dg0040783,R040783,567,
L40784,CAR,ABRA,,MALIBCONG,Mataragan,Dg0040784,R040784,526,
L40785,CAR,ABRA,,MALIBCONG,Pacgued,Dg0040785,R040785,229,
L40786,CAR,ABRA,,MALIBCONG,Taripan,Dg0040786,R040786,232,
L40787,CAR,ABRA,,MALIBCONG,Umnap,Dg0040787,R040787,278,
L40788,CAR,ABRA,,MANABO,,Dg0040788,R040788,10756,
L40789,CAR,ABRA,,MANABO,Catacdegan Viejo,Dg0040789,R040789,473,
L40790,CAR,ABRA,,MANABO,Luzong,Dg0040790,R040790,1031,
L40791,CAR,ABRA,,MANABO,Ayyeng,Dg0040791,R040791,1567,
L40792,CAR,ABRA,,MANABO,San Jose Norte,Dg0040792,R040792,604,
L40793,CAR,ABRA,,MANABO,San Jose Sur,Dg0040793,R040793,535,
L40794,CAR,ABRA,,MANABO,San Juan Norte,Dg0040794,R040794,632,
L40795,CAR,ABRA,,MANABO,San Juan Sur,Dg0040795,R040795,724,
L40796,CAR,ABRA,,MANABO,San Ramon East,Dg0040796,R040796,2185,
L40797,CAR,ABRA,,MANABO,San Ramon West,Dg0040797,R040797,1960,
L40798,CAR,ABRA,,MANABO,Santo Tomas,Dg0040798,R040798,445,
L40799,CAR,ABRA,,MANABO,Catacdegan,Dg0040799,R040799,600,
L40800,CAR,ABRA,,PE헤RRUBIA,,Dg0040800,R040800,6544,
L40801,CAR,ABRA,,PE헤RRUBIA,Dumayco,Dg0040801,R040801,1102,
L40802,CAR,ABRA,,PE헤RRUBIA,Lusuac,Dg0040802,R040802,1053,
L40803,CAR,ABRA,,PE헤RRUBIA,Namarabar,Dg0040803,R040803,548,
L40804,CAR,ABRA,,PE헤RRUBIA,Patiao,Dg0040804,R040804,608,
L40805,CAR,ABRA,,PE헤RRUBIA,Malamsit (Pau-Malamsit),Dg0040805,R040805,640,
L40806,CAR,ABRA,,PE헤RRUBIA,Poblacion,Dg0040806,R040806,994,
L40807,CAR,ABRA,,PE헤RRUBIA,Riang (Tiang),Dg0040807,R040807,810,
L40808,CAR,ABRA,,PE헤RRUBIA,Santa,Dg0040808,R040808,382,
L40809,CAR,ABRA,,PE헤RRUBIA,Tattawa,Dg0040809,R040809,407,
L40810,CAR,ABRA,,PIDIGAN,,Dg0040810,R040810,11528,
L40811,CAR,ABRA,,PIDIGAN,Alinaya,Dg0040811,R040811,996,
L40812,CAR,ABRA,,PIDIGAN,Arab,Dg0040812,R040812,458,
L40813,CAR,ABRA,,PIDIGAN,Garreta,Dg0040813,R040813,582,
L40814,CAR,ABRA,,PIDIGAN,Immuli,Dg0040814,R040814,557,
L40815,CAR,ABRA,,PIDIGAN,Laskig,Dg0040815,R040815,484,
L40816,CAR,ABRA,,PIDIGAN,Naguirayan,Dg0040816,R040816,698,
L40817,CAR,ABRA,,PIDIGAN,Monggoc,Dg0040817,R040817,1101,
L40818,CAR,ABRA,,PIDIGAN,Pamutic,Dg0040818,R040818,566,
L40819,CAR,ABRA,,PIDIGAN,Pangtud,Dg0040819,R040819,1070,
L40820,CAR,ABRA,,PIDIGAN,Poblacion East,Dg0040820,R040820,1603,
L40821,CAR,ABRA,,PIDIGAN,Poblacion West,Dg0040821,R040821,1228,
L40822,CAR,ABRA,,PIDIGAN,San Diego,Dg0040822,R040822,442,
L40823,CAR,ABRA,,PIDIGAN,Sulbec,Dg0040823,R040823,675,
L40824,CAR,ABRA,,PIDIGAN,Suyo (Malidong),Dg0040824,R040824,625,
L40825,CAR,ABRA,,PIDIGAN,Yuyeng,Dg0040825,R040825,443,
L40826,CAR,ABRA,,PILAR,,Dg0040826,R040826,9908,
L40827,CAR,ABRA,,PILAR,Bolbolo,Dg0040827,R040827,851,
L40828,CAR,ABRA,,PILAR,Brookside,Dg0040828,R040828,366,
L40829,CAR,ABRA,,PILAR,Ocup,Dg0040829,R040829,483,
L40830,CAR,ABRA,,PILAR,Dalit,Dg0040830,R040830,773,
L40831,CAR,ABRA,,PILAR,Dintan,Dg0040831,R040831,357,
L40832,CAR,ABRA,,PILAR,Gapang,Dg0040832,R040832,630,
L40833,CAR,ABRA,,PILAR,Kinabiti,Dg0040833,R040833,737,
L40834,CAR,ABRA,,PILAR,Maliplipit,Dg0040834,R040834,301,
L40835,CAR,ABRA,,PILAR,Nagcanasan,Dg0040835,R040835,259,
L40836,CAR,ABRA,,PILAR,Nanangduan,Dg0040836,R040836,329,
L40837,CAR,ABRA,,PILAR,Narnara,Dg0040837,R040837,284,
L40838,CAR,ABRA,,PILAR,Pang-ot,Dg0040838,R040838,592,
L40839,CAR,ABRA,,PILAR,Patad,Dg0040839,R040839,306,
L40840,CAR,ABRA,,PILAR,Poblacion,Dg0040840,R040840,1703,
L40841,CAR,ABRA,,PILAR,San Juan East,Dg0040841,R040841,338,
L40842,CAR,ABRA,,PILAR,San Juan West,Dg0040842,R040842,602,
L40843,CAR,ABRA,,PILAR,South Balioag,Dg0040843,R040843,470,
L40844,CAR,ABRA,,PILAR,Tikitik,Dg0040844,R040844,272,
L40845,CAR,ABRA,,PILAR,Villavieja,Dg0040845,R040845,255,
L40846,CAR,ABRA,,SALLAPADAN,,Dg0040846,R040846,5985,
L40847,CAR,ABRA,,SALLAPADAN,Bazar,Dg0040847,R040847,527,
L40848,CAR,ABRA,,SALLAPADAN,Bilabila,Dg0040848,R040848,540,
L40849,CAR,ABRA,,SALLAPADAN,Gangal,Dg0040849,R040849,921,
L40850,CAR,ABRA,,SALLAPADAN,Maguyepyep,Dg0040850,R040850,1113,
L40851,CAR,ABRA,,SALLAPADAN,Naguilian,Dg0040851,R040851,636,
L40852,CAR,ABRA,,SALLAPADAN,Saccaang,Dg0040852,R040852,665,
L40853,CAR,ABRA,,SALLAPADAN,Sallapadan,Dg0040853,R040853,299,
L40854,CAR,ABRA,,SALLAPADAN,Subusob,Dg0040854,R040854,805,
L40855,CAR,ABRA,,SALLAPADAN,Ud-udiao,Dg0040855,R040855,479,
L40856,CAR,ABRA,,SAN ISIDRO,,Dg0040856,R040856,4888,
L40857,CAR,ABRA,,SAN ISIDRO,Cabayogan,Dg0040857,R040857,301,
L40858,CAR,ABRA,,SAN ISIDRO,Dalimag,Dg0040858,R040858,767,
L40859,CAR,ABRA,,SAN ISIDRO,Langbaban,Dg0040859,R040859,342,
L40860,CAR,ABRA,,SAN ISIDRO,Manayday,Dg0040860,R040860,601,
L40861,CAR,ABRA,,SAN ISIDRO,Pantoc,Dg0040861,R040861,422,
L40862,CAR,ABRA,,SAN ISIDRO,Poblacion,Dg0040862,R040862,645,
L40863,CAR,ABRA,,SAN ISIDRO,Sabtan-olo,Dg0040863,R040863,330,
L40864,CAR,ABRA,,SAN ISIDRO,San Marcial,Dg0040864,R040864,769,
L40865,CAR,ABRA,,SAN ISIDRO,Tangbao,Dg0040865,R040865,711,
L40866,CAR,ABRA,,SAN JUAN,,Dg0040866,R040866,10546,
L40867,CAR,ABRA,,SAN JUAN,Abualan,Dg0040867,R040867,885,
L40868,CAR,ABRA,,SAN JUAN,Ba-ug,Dg0040868,R040868,1104,
L40869,CAR,ABRA,,SAN JUAN,Badas,Dg0040869,R040869,463,
L40870,CAR,ABRA,,SAN JUAN,Cabcaborao,Dg0040870,R040870,1032,
L40871,CAR,ABRA,,SAN JUAN,Colabaoan,Dg0040871,R040871,295,
L40872,CAR,ABRA,,SAN JUAN,Culiong,Dg0040872,R040872,483,
L40873,CAR,ABRA,,SAN JUAN,Daoidao,Dg0040873,R040873,152,
L40874,CAR,ABRA,,SAN JUAN,Guimba,Dg0040874,R040874,369,
L40875,CAR,ABRA,,SAN JUAN,Lam-ag,Dg0040875,R040875,546,
L40876,CAR,ABRA,,SAN JUAN,Lumobang,Dg0040876,R040876,363,
L40877,CAR,ABRA,,SAN JUAN,Nangobongan,Dg0040877,R040877,393,
L40878,CAR,ABRA,,SAN JUAN,Pattaoig,Dg0040878,R040878,122,
L40879,CAR,ABRA,,SAN JUAN,Poblacion North,Dg0040879,R040879,980,
L40880,CAR,ABRA,,SAN JUAN,Poblacion South,Dg0040880,R040880,542,
L40881,CAR,ABRA,,SAN JUAN,Quidaoen,Dg0040881,R040881,679,
L40882,CAR,ABRA,,SAN JUAN,Sabangan,Dg0040882,R040882,244,
L40883,CAR,ABRA,,SAN JUAN,Silet,Dg0040883,R040883,495,
L40884,CAR,ABRA,,SAN JUAN,Supi-il,Dg0040884,R040884,680,
L40885,CAR,ABRA,,SAN JUAN,Tagaytay,Dg0040885,R040885,719,
L40886,CAR,ABRA,,SAN QUINTIN,,Dg0040886,R040886,5233,
L40887,CAR,ABRA,,SAN QUINTIN,Labaan,Dg0040887,R040887,882,
L40888,CAR,ABRA,,SAN QUINTIN,Palang,Dg0040888,R040888,589,
L40889,CAR,ABRA,,SAN QUINTIN,Pantoc,Dg0040889,R040889,676,
L40890,CAR,ABRA,,SAN QUINTIN,Poblacion,Dg0040890,R040890,741,
L40891,CAR,ABRA,,SAN QUINTIN,Tangadan,Dg0040891,R040891,1362,
L40892,CAR,ABRA,,SAN QUINTIN,Villa Mercedes,Dg0040892,R040892,983,
L40893,CAR,ABRA,,TAYUM,,Dg0040893,R040893,13940,
L40894,CAR,ABRA,,TAYUM,Bagalay,Dg0040894,R040894,937,
L40895,CAR,ABRA,,TAYUM,Basbasa,Dg0040895,R040895,849,
L40896,CAR,ABRA,,TAYUM,Budac,Dg0040896,R040896,1286,
L40897,CAR,ABRA,,TAYUM,Bumagcat,Dg0040897,R040897,794,
L40898,CAR,ABRA,,TAYUM,Cabaroan,Dg0040898,R040898,1251,
L40899,CAR,ABRA,,TAYUM,Deet,Dg0040899,R040899,912,
L40900,CAR,ABRA,,TAYUM,Gaddani,Dg0040900,R040900,1325,
L40901,CAR,ABRA,,TAYUM,Patucannay,Dg0040901,R040901,1317,
L40902,CAR,ABRA,,TAYUM,Pias,Dg0040902,R040902,1165,
L40903,CAR,ABRA,,TAYUM,Poblacion,Dg0040903,R040903,2645,
L40904,CAR,ABRA,,TAYUM,Velasco,Dg0040904,R040904,1459,
L40905,CAR,ABRA,,TINEG,,Dg0040905,R040905,4668,
L40906,CAR,ABRA,,TINEG,Poblacion (Agsimao),Dg0040906,R040906,642,
L40907,CAR,ABRA,,TINEG,Alaoa,Dg0040907,R040907,612,
L40908,CAR,ABRA,,TINEG,Anayan,Dg0040908,R040908,253,
L40909,CAR,ABRA,,TINEG,Apao,Dg0040909,R040909,268,
L40910,CAR,ABRA,,TINEG,Belaat,Dg0040910,R040910,252,
L40911,CAR,ABRA,,TINEG,Caganayan,Dg0040911,R040911,1212,
L40912,CAR,ABRA,,TINEG,Cogon,Dg0040912,R040912,488,
L40913,CAR,ABRA,,TINEG,Lanec,Dg0040913,R040913,172,
L40914,CAR,ABRA,,TINEG,Lapat-Balantay,Dg0040914,R040914,356,
L40915,CAR,ABRA,,TINEG,Naglibacan,Dg0040915,R040915,413,
L40916,CAR,ABRA,,TUBO,,Dg0040916,R040916,5719,
L40917,CAR,ABRA,,TUBO,Alangtin,Dg0040917,R040917,650,
L40918,CAR,ABRA,,TUBO,Amtuagan,Dg0040918,R040918,494,
L40919,CAR,ABRA,,TUBO,Dilong,Dg0040919,R040919,818,
L40920,CAR,ABRA,,TUBO,Kili,Dg0040920,R040920,426,
L40921,CAR,ABRA,,TUBO,Poblacion (Mayabo),Dg0040921,R040921,582,
L40922,CAR,ABRA,,TUBO,Supo,Dg0040922,R040922,732,
L40923,CAR,ABRA,,TUBO,Tiempo,Dg0040923,R040923,800,
L40924,CAR,ABRA,,TUBO,Tubtuba,Dg0040924,R040924,491,
L40925,CAR,ABRA,,TUBO,Wayangan,Dg0040925,R040925,480,
L40926,CAR,ABRA,,TUBO,Tabacda,Dg0040926,R040926,246,
L40927,CAR,ABRA,,VILLAVICIOSA,,Dg0040927,R040927,5377,
L40928,CAR,ABRA,,VILLAVICIOSA,Ap-apaya,Dg0040928,R040928,531,
L40929,CAR,ABRA,,VILLAVICIOSA,Bol-lilising,Dg0040929,R040929,294,
L40930,CAR,ABRA,,VILLAVICIOSA,Cal-lao,Dg0040930,R040930,931,
L40931,CAR,ABRA,,VILLAVICIOSA,Lap-lapog,Dg0040931,R040931,766,
L40932,CAR,ABRA,,VILLAVICIOSA,Lumaba,Dg0040932,R040932,552,
L40933,CAR,ABRA,,VILLAVICIOSA,Poblacion,Dg0040933,R040933,836,
L40934,CAR,ABRA,,VILLAVICIOSA,Tamac,Dg0040934,R040934,627,
L40935,CAR,ABRA,,VILLAVICIOSA,Tuquib,Dg0040935,R040935,840,
L40936,CAR,APAYAO,,,,Dg0040936,R040936,112636,
L40937,CAR,APAYAO,,CALANASAN (BAYAG),,Dg0040937,R040937,11568,
L40938,CAR,APAYAO,,CALANASAN (BAYAG),Butao,Dg0040938,R040938,672,
L40939,CAR,APAYAO,,CALANASAN (BAYAG),Cadaclan,Dg0040939,R040939,437,
L40940,CAR,APAYAO,,CALANASAN (BAYAG),Langnao,Dg0040940,R040940,164,
L40941,CAR,APAYAO,,CALANASAN (BAYAG),Lubong,Dg0040941,R040941,612,
L40942,CAR,APAYAO,,CALANASAN (BAYAG),Naguilian,Dg0040942,R040942,389,
L40943,CAR,APAYAO,,CALANASAN (BAYAG),Namaltugan,Dg0040943,R040943,924,
L40944,CAR,APAYAO,,CALANASAN (BAYAG),Poblacion,Dg0040944,R040944,1939,
L40945,CAR,APAYAO,,CALANASAN (BAYAG),Sabangan,Dg0040945,R040945,379,
L40946,CAR,APAYAO,,CALANASAN (BAYAG),Santa Filomena,Dg0040946,R040946,859,
L40947,CAR,APAYAO,,CALANASAN (BAYAG),Tubongan,Dg0040947,R040947,395,
L40948,CAR,APAYAO,,CALANASAN (BAYAG),Tanglagan,Dg0040948,R040948,1951,
L40949,CAR,APAYAO,,CALANASAN (BAYAG),Tubang,Dg0040949,R040949,411,
L40950,CAR,APAYAO,,CALANASAN (BAYAG),Don Roque Ablan Sr.,Dg0040950,R040950,273,
L40951,CAR,APAYAO,,CALANASAN (BAYAG),Eleazar,Dg0040951,R040951,121,
L40952,CAR,APAYAO,,CALANASAN (BAYAG),Eva Puzon,Dg0040952,R040952,1072,
L40953,CAR,APAYAO,,CALANASAN (BAYAG),Kabugawan,Dg0040953,R040953,484,
L40954,CAR,APAYAO,,CALANASAN (BAYAG),Macalino,Dg0040954,R040954,265,
L40955,CAR,APAYAO,,CALANASAN (BAYAG),Santa Elena,Dg0040955,R040955,221,
L40956,CAR,APAYAO,,CONNER,,Dg0040956,R040956,24811,
L40957,CAR,APAYAO,,CONNER,Allangigan,Dg0040957,R040957,424,
L40958,CAR,APAYAO,,CONNER,Buluan,Dg0040958,R040958,1462,
L40959,CAR,APAYAO,,CONNER,Caglayan,Dg0040959,R040959,1865,
L40960,CAR,APAYAO,,CONNER,Calafug,Dg0040960,R040960,906,
L40961,CAR,APAYAO,,CONNER,Cupis,Dg0040961,R040961,441,
L40962,CAR,APAYAO,,CONNER,Daga,Dg0040962,R040962,1281,
L40963,CAR,APAYAO,,CONNER,Guinamgaman,Dg0040963,R040963,841,
L40964,CAR,APAYAO,,CONNER,Karikitan,Dg0040964,R040964,1928,
L40965,CAR,APAYAO,,CONNER,Katablangan,Dg0040965,R040965,697,
L40966,CAR,APAYAO,,CONNER,Malama,Dg0040966,R040966,2885,
L40967,CAR,APAYAO,,CONNER,Manag,Dg0040967,R040967,1629,
L40968,CAR,APAYAO,,CONNER,Nabuangan,Dg0040968,R040968,594,
L40969,CAR,APAYAO,,CONNER,Paddaoan,Dg0040969,R040969,1623,
L40970,CAR,APAYAO,,CONNER,Puguin,Dg0040970,R040970,805,
L40971,CAR,APAYAO,,CONNER,Ripang,Dg0040971,R040971,841,
L40972,CAR,APAYAO,,CONNER,Sacpil,Dg0040972,R040972,1141,
L40973,CAR,APAYAO,,CONNER,Talifugo,Dg0040973,R040973,972,
L40974,CAR,APAYAO,,CONNER,Banban,Dg0040974,R040974,1042,
L40975,CAR,APAYAO,,CONNER,Guinaang,Dg0040975,R040975,1476,
L40976,CAR,APAYAO,,CONNER,Ili,Dg0040976,R040976,1195,
L40977,CAR,APAYAO,,CONNER,Mawegui,Dg0040977,R040977,763,
L40978,CAR,APAYAO,,FLORA,,Dg0040978,R040978,16743,
L40979,CAR,APAYAO,,FLORA,Allig,Dg0040979,R040979,1507,
L40980,CAR,APAYAO,,FLORA,Anninipan,Dg0040980,R040980,930,
L40981,CAR,APAYAO,,FLORA,Atok,Dg0040981,R040981,584,
L40982,CAR,APAYAO,,FLORA,Bagutong,Dg0040982,R040982,1384,
L40983,CAR,APAYAO,,FLORA,Balasi,Dg0040983,R040983,238,
L40984,CAR,APAYAO,,FLORA,Balluyan,Dg0040984,R040984,1501,
L40985,CAR,APAYAO,,FLORA,Malayugan,Dg0040985,R040985,1290,
L40986,CAR,APAYAO,,FLORA,Malubibit Norte,Dg0040986,R040986,1005,
L40987,CAR,APAYAO,,FLORA,Poblacion East,Dg0040987,R040987,2598,
L40988,CAR,APAYAO,,FLORA,Tamalunog,Dg0040988,R040988,837,
L40989,CAR,APAYAO,,FLORA,Mallig,Dg0040989,R040989,538,
L40990,CAR,APAYAO,,FLORA,Malubibit Sur,Dg0040990,R040990,459,
L40991,CAR,APAYAO,,FLORA,Poblacion West,Dg0040991,R040991,2120,
L40992,CAR,APAYAO,,FLORA,San Jose,Dg0040992,R040992,690,
L40993,CAR,APAYAO,,FLORA,Santa Maria,Dg0040993,R040993,817,
L40994,CAR,APAYAO,,FLORA,Upper Atok (Coliman,Dg0040994,R040994,245,
L40995,CAR,APAYAO,,KABUGAO (Capital),,Dg0040995,R040995,16170,
L40996,CAR,APAYAO,,KABUGAO (Capital),Badduat,Dg0040996,R040996,1000,
L40997,CAR,APAYAO,,KABUGAO (Capital),Baliwanan,Dg0040997,R040997,478,
L40998,CAR,APAYAO,,KABUGAO (Capital),Bulu,Dg0040998,R040998,298,
L40999,CAR,APAYAO,,KABUGAO (Capital),Dagara,Dg0040999,R040999,484,
L41000,CAR,APAYAO,,KABUGAO (Capital),Dibagat,Dg0041000,R041000,797,
L41001,CAR,APAYAO,,KABUGAO (Capital),Cabetayan,Dg0041001,R041001,556,
L41002,CAR,APAYAO,,KABUGAO (Capital),Karagawan,Dg0041002,R041002,676,
L41003,CAR,APAYAO,,KABUGAO (Capital),Kumao,Dg0041003,R041003,557,
L41004,CAR,APAYAO,,KABUGAO (Capital),Laco,Dg0041004,R041004,410,
L41005,CAR,APAYAO,,KABUGAO (Capital),Lenneng (Liyyeng),Dg0041005,R041005,2396,
L41006,CAR,APAYAO,,KABUGAO (Capital),Lucab,Dg0041006,R041006,660,
L41007,CAR,APAYAO,,KABUGAO (Capital),Luttuacan,Dg0041007,R041007,786,
L41008,CAR,APAYAO,,KABUGAO (Capital),Madatag,Dg0041008,R041008,766,
L41009,CAR,APAYAO,,KABUGAO (Capital),Madduang,Dg0041009,R041009,423,
L41010,CAR,APAYAO,,KABUGAO (Capital),Magabta,Dg0041010,R041010,215,
L41011,CAR,APAYAO,,KABUGAO (Capital),Maragat,Dg0041011,R041011,503,
L41012,CAR,APAYAO,,KABUGAO (Capital),Musimut,Dg0041012,R041012,822,
L41013,CAR,APAYAO,,KABUGAO (Capital),Nagbabalayan,Dg0041013,R041013,511,
L41014,CAR,APAYAO,,KABUGAO (Capital),Poblacion,Dg0041014,R041014,3217,
L41015,CAR,APAYAO,,KABUGAO (Capital),Tuyangan,Dg0041015,R041015,334,
L41016,CAR,APAYAO,,KABUGAO (Capital),Waga,Dg0041016,R041016,281,
L41017,CAR,APAYAO,,LUNA,,Dg0041017,R041017,18029,
L41018,CAR,APAYAO,,LUNA,Bacsay,Dg0041018,R041018,850,
L41019,CAR,APAYAO,,LUNA,Capagaypayan,Dg0041019,R041019,468,
L41020,CAR,APAYAO,,LUNA,Dagupan,Dg0041020,R041020,2038,
L41021,CAR,APAYAO,,LUNA,Lappa,Dg0041021,R041021,667,
L41022,CAR,APAYAO,,LUNA,Marag,Dg0041022,R041022,557,
L41023,CAR,APAYAO,,LUNA,Poblacion,Dg0041023,R041023,1107,
L41024,CAR,APAYAO,,LUNA,Quirino,Dg0041024,R041024,1228,
L41025,CAR,APAYAO,,LUNA,Salvacion,Dg0041025,R041025,395,
L41026,CAR,APAYAO,,LUNA,San Francisco,Dg0041026,R041026,840,
L41027,CAR,APAYAO,,LUNA,San Isidro Norte,Dg0041027,R041027,750,
L41028,CAR,APAYAO,,LUNA,San Sebastion,Dg0041028,R041028,355,
L41029,CAR,APAYAO,,LUNA,Santa Lina,Dg0041029,R041029,1026,
L41030,CAR,APAYAO,,LUNA,Tumog,Dg0041030,R041030,1285,
L41031,CAR,APAYAO,,LUNA,Zumigui,Dg0041031,R041031,695,
L41032,CAR,APAYAO,,LUNA,Cagandungan,Dg0041032,R041032,618,
L41033,CAR,APAYAO,,LUNA,Calabigan,Dg0041033,R041033,532,
L41034,CAR,APAYAO,,LUNA,Cangisitan,Dg0041034,R041034,683,
L41035,CAR,APAYAO,,LUNA,Luyon,Dg0041035,R041035,350,
L41036,CAR,APAYAO,,LUNA,San Gregorio,Dg0041036,R041036,529,
L41037,CAR,APAYAO,,LUNA,San Isidro Sur,Dg0041037,R041037,1326,
L41038,CAR,APAYAO,,LUNA,Shalom,Dg0041038,R041038,666,
L41039,CAR,APAYAO,,LUNA,Turod,Dg0041039,R041039,1064,
L41040,CAR,APAYAO,,PUDTOL,,Dg0041040,R041040,13305,
L41041,CAR,APAYAO,,PUDTOL,Aga,Dg0041041,R041041,276,
L41042,CAR,APAYAO,,PUDTOL,Alem,Dg0041042,R041042,875,
L41043,CAR,APAYAO,,PUDTOL,Cabatacan,Dg0041043,R041043,1313,
L41044,CAR,APAYAO,,PUDTOL,Cacalaggan,Dg0041044,R041044,405,
L41045,CAR,APAYAO,,PUDTOL,Capannikian,Dg0041045,R041045,1192,
L41046,CAR,APAYAO,,PUDTOL,Lower Maton,Dg0041046,R041046,345,
L41047,CAR,APAYAO,,PUDTOL,Malibang,Dg0041047,R041047,472,
L41048,CAR,APAYAO,,PUDTOL,Mataguisi,Dg0041048,R041048,807,
L41049,CAR,APAYAO,,PUDTOL,Poblacion,Dg0041049,R041049,836,
L41050,CAR,APAYAO,,PUDTOL,San Antonio (Pugo),Dg0041050,R041050,171,
L41051,CAR,APAYAO,,PUDTOL,Swan,Dg0041051,R041051,1253,
L41052,CAR,APAYAO,,PUDTOL,Upper Maton,Dg0041052,R041052,371,
L41053,CAR,APAYAO,,PUDTOL,Amado,Dg0041053,R041053,791,
L41054,CAR,APAYAO,,PUDTOL,Aurora,Dg0041054,R041054,296,
L41055,CAR,APAYAO,,PUDTOL,Do人 Loreta,Dg0041055,R041055,711,
L41056,CAR,APAYAO,,PUDTOL,Emilia,Dg0041056,R041056,427,
L41057,CAR,APAYAO,,PUDTOL,Imelda,Dg0041057,R041057,552,
L41058,CAR,APAYAO,,PUDTOL,Lt. Bilag,Dg0041058,R041058,176,
L41059,CAR,APAYAO,,PUDTOL,Lydia,Dg0041059,R041059,529,
L41060,CAR,APAYAO,,PUDTOL,San Jose,Dg0041060,R041060,361,
L41061,CAR,APAYAO,,PUDTOL,San Luis,Dg0041061,R041061,683,
L41062,CAR,APAYAO,,PUDTOL,San Mariano,Dg0041062,R041062,463,
L41063,CAR,APAYAO,,SANTA MARCELA,,Dg0041063,R041063,12010,
L41064,CAR,APAYAO,,SANTA MARCELA,Barocboc,Dg0041064,R041064,1548,
L41065,CAR,APAYAO,,SANTA MARCELA,Consuelo,Dg0041065,R041065,871,
L41066,CAR,APAYAO,,SANTA MARCELA,Imelda (Sipa Annex),Dg0041066,R041066,850,
L41067,CAR,APAYAO,,SANTA MARCELA,Malekkeg,Dg0041067,R041067,970,
L41068,CAR,APAYAO,,SANTA MARCELA,Marcela,Dg0041068,R041068,1120,
L41069,CAR,APAYAO,,SANTA MARCELA,Nueva,Dg0041069,R041069,662,
L41070,CAR,APAYAO,,SANTA MARCELA,Panay,Dg0041070,R041070,766,
L41071,CAR,APAYAO,,SANTA MARCELA,San,Dg0041071,R041071,799,
L41072,CAR,APAYAO,,SANTA MARCELA,Sipa,Dg0041072,R041072,1060,
L41073,CAR,APAYAO,,SANTA MARCELA,Emiliana,Dg0041073,R041073,787,
L41074,CAR,APAYAO,,SANTA MARCELA,San Carlos,Dg0041074,R041074,1138,
L41075,CAR,APAYAO,,SANTA MARCELA,San Juan,Dg0041075,R041075,461,
L41076,CAR,APAYAO,,SANTA MARCELA,San Mariano,Dg0041076,R041076,978,
L41077,CAR,BENGUET,,,,Dg0041077,R041077,403944,
L41078,CAR,BENGUET,,ATOK,,Dg0041078,R041078,19242,
L41079,CAR,BENGUET,,ATOK,Abiang,Dg0041079,R041079,1766,
L41080,CAR,BENGUET,,ATOK,Caliking,Dg0041080,R041080,3155,
L41081,CAR,BENGUET,,ATOK,Cattubo,Dg0041081,R041081,2674,
L41082,CAR,BENGUET,,ATOK,Naguey,Dg0041082,R041082,1723,
L41083,CAR,BENGUET,,ATOK,Paoay,Dg0041083,R041083,4181,
L41084,CAR,BENGUET,,ATOK,Pasdong,Dg0041084,R041084,1078,
L41085,CAR,BENGUET,,ATOK,Poblacion,Dg0041085,R041085,2045,
L41086,CAR,BENGUET,,ATOK,Topdac,Dg0041086,R041086,2620,
L41087,CAR,BENGUET,,BAKUN,,Dg0041087,R041087,13587,
L41088,CAR,BENGUET,,BAKUN,Ampusongan,Dg0041088,R041088,2178,
L41089,CAR,BENGUET,,BAKUN,Bagu,Dg0041089,R041089,856,
L41090,CAR,BENGUET,,BAKUN,Dalipey,Dg0041090,R041090,2164,
L41091,CAR,BENGUET,,BAKUN,Gambang,Dg0041091,R041091,3705,
L41092,CAR,BENGUET,,BAKUN,Kayapa,Dg0041092,R041092,1527,
L41093,CAR,BENGUET,,BAKUN,Poblacion (Central),Dg0041093,R041093,1834,1834
L41094,CAR,BENGUET,,BAKUN,Sinacbat,Dg0041094,R041094,1323,
L41095,CAR,BENGUET,,BOKOD,,Dg0041095,R041095,,
L41096,CAR,BENGUET,,BOKOD,Ambuclao,Dg0041096,R041096,3013,
L41097,CAR,BENGUET,,BOKOD,Bila,Dg0041097,R041097,991,
L41098,CAR,BENGUET,,BOKOD,Bobok-Bisal,Dg0041098,R041098,1086,
L41099,CAR,BENGUET,,BOKOD,Daclan,Dg0041099,R041099,1748,
L41100,CAR,BENGUET,,BOKOD,Ekip,Dg0041100,R041100,806,
L41101,CAR,BENGUET,,BOKOD,Karao,Dg0041101,R041101,958,
L41102,CAR,BENGUET,,BOKOD,Nawal,Dg0041102,R041102,743,
L41103,CAR,BENGUET,,BOKOD,Pito,Dg0041103,R041103,838,
L41104,CAR,BENGUET,,BOKOD,Poblacion,Dg0041104,R041104,1964,
L41105,CAR,BENGUET,,BOKOD,Tikey,Dg0041105,R041105,501,
L41106,CAR,BENGUET,,BUGUIAS,,Dg0041106,R041106,39271,
L41107,CAR,BENGUET,,BUGUIAS,Abatan,Dg0041107,R041107,2780,
L41108,CAR,BENGUET,,BUGUIAS,Amgaleyguey,Dg0041108,R041108,3538,
L41109,CAR,BENGUET,,BUGUIAS,Amlimay,Dg0041109,R041109,2197,
L41110,CAR,BENGUET,,BUGUIAS,Baculongan Norte,Dg0041110,R041110,2157,2157
L41111,CAR,BENGUET,,BUGUIAS,Bangao,Dg0041111,R041111,4269,
L41112,CAR,BENGUET,,BUGUIAS,Buyacaoan,Dg0041112,R041112,3160,
L41113,CAR,BENGUET,,BUGUIAS,Calamagan,Dg0041113,R041113,739,
L41114,CAR,BENGUET,,BUGUIAS,Catlubong,Dg0041114,R041114,2758,
L41115,CAR,BENGUET,,BUGUIAS,Loo,Dg0041115,R041115,4388,
L41116,CAR,BENGUET,,BUGUIAS,Natubleng,Dg0041116,R041116,2513,
L41117,CAR,BENGUET,,BUGUIAS,Poblacion (Central),Dg0041117,R041117,3472,3472
L41118,CAR,BENGUET,,BUGUIAS,Baculongan Sur,Dg0041118,R041118,3169,3169
L41119,CAR,BENGUET,,BUGUIAS,Lengaoan,Dg0041119,R041119,1488,
L41120,CAR,BENGUET,,BUGUIAS,Sebang,Dg0041120,R041120,2643,
L41121,CAR,BENGUET,,ITOGON,,Dg0041121,R041121,55960,
L41122,CAR,BENGUET,,ITOGON,Ampucao,Dg0041122,R041122,10450,
L41123,CAR,BENGUET,,ITOGON,Dalupirip,Dg0041123,R041123,2578,
L41124,CAR,BENGUET,,ITOGON,Gumatdang,Dg0041124,R041124,1895,
L41125,CAR,BENGUET,,ITOGON,Loacan,Dg0041125,R041125,7714,
L41126,CAR,BENGUET,,ITOGON,Poblacion (Central),Dg0041126,R041126,3267,
L41127,CAR,BENGUET,,ITOGON,Tinongdan,Dg0041127,R041127,4216,
L41128,CAR,BENGUET,,ITOGON,Tuding,Dg0041128,R041128,7703,
L41129,CAR,BENGUET,,ITOGON,Ucab,Dg0041129,R041129,7870,
L41130,CAR,BENGUET,,ITOGON,Virac,Dg0041130,R041130,10267,
L41131,CAR,BENGUET,,KABAYAN,,Dg0041131,R041131,13588,
L41132,CAR,BENGUET,,KABAYAN,Adaoay,Dg0041132,R041132,670,
L41133,CAR,BENGUET,,KABAYAN,Anchukey,Dg0041133,R041133,296,
L41134,CAR,BENGUET,,KABAYAN,Ballay,Dg0041134,R041134,2623,
L41135,CAR,BENGUET,,KABAYAN,Bashoy,Dg0041135,R041135,1597,
L41136,CAR,BENGUET,,KABAYAN,Batan,Dg0041136,R041136,944,
L41137,CAR,BENGUET,,KABAYAN,Duacan,Dg0041137,R041137,709,
L41138,CAR,BENGUET,,KABAYAN,Eddet,Dg0041138,R041138,740,
L41139,CAR,BENGUET,,KABAYAN,Gusaran,Dg0041139,R041139,1330,
L41140,CAR,BENGUET,,KABAYAN,Kabayan Barrio,Dg0041140,R041140,337,
L41141,CAR,BENGUET,,KABAYAN,Lusod,Dg0041141,R041141,794,
L41142,CAR,BENGUET,,KABAYAN,Pacso,Dg0041142,R041142,1247,
L41143,CAR,BENGUET,,KABAYAN,Poblacion (Central),Dg0041143,R041143,1567,
L41144,CAR,BENGUET,,KABAYAN,Tawangan,Dg0041144,R041144,734,
L41145,CAR,BENGUET,,KAPANGAN,,Dg0041145,R041145,2084,
L41146,CAR,BENGUET,,KAPANGAN,Balakbak,Dg0041146,R041146,1372,
L41147,CAR,BENGUET,,KAPANGAN,Beleng-Belis,Dg0041147,R041147,984,
L41148,CAR,BENGUET,,KAPANGAN,Boklaoan,Dg0041148,R041148,644,
L41149,CAR,BENGUET,,KAPANGAN,Cayapes,Dg0041149,R041149,962,
L41150,CAR,BENGUET,,KAPANGAN,Cuba,Dg0041150,R041150,995,
L41151,CAR,BENGUET,,KAPANGAN,Datakan,Dg0041151,R041151,1699,
L41152,CAR,BENGUET,,KAPANGAN,Gadang,Dg0041152,R041152,1534,
L41153,CAR,BENGUET,,KAPANGAN,Gasweling,Dg0041153,R041153,1129,
L41154,CAR,BENGUET,,KAPANGAN,Labueg,Dg0041154,R041154,1572,
L41155,CAR,BENGUET,,KAPANGAN,Paykek,Dg0041155,R041155,1550,
L41156,CAR,BENGUET,,KAPANGAN,Poblacion Central,Dg0041156,R041156,1841,
L41157,CAR,BENGUET,,KAPANGAN,Pudong,Dg0041157,R041157,1373,
L41158,CAR,BENGUET,,KAPANGAN,Pongayan,Dg0041158,R041158,945,
L41159,CAR,BENGUET,,KAPANGAN,Sagubo,Dg0041159,R041159,1697,
L41160,CAR,BENGUET,,KAPANGAN,Taba-ao,Dg0041160,R041160,1787,
L41161,CAR,BENGUET,,KIBUNGAN,,Dg0041161,R041161,16850,
L41162,CAR,BENGUET,,KIBUNGAN,Badeo,Dg0041162,R041162,840,
L41163,CAR,BENGUET,,KIBUNGAN,Lubo,Dg0041163,R041163,1235,
L41164,CAR,BENGUET,,KIBUNGAN,Madaymen,Dg0041164,R041164,5875,
L41165,CAR,BENGUET,,KIBUNGAN,Palina,Dg0041165,R041165,1387,
L41166,CAR,BENGUET,,KIBUNGAN,Poblacion,Dg0041166,R041166,2532,
L41167,CAR,BENGUET,,KIBUNGAN,Sagpat,Dg0041167,R041167,3101,
L41168,CAR,BENGUET,,KIBUNGAN,Tacadang,Dg0041168,R041168,1880,
L41169,CAR,BENGUET,,LA TRINIDAD (Capital),,Dg0041169,R041169,107188,
L41170,CAR,BENGUET,,LA TRINIDAD (Capital),Alapang,Dg0041170,R041170,4171,
L41171,CAR,BENGUET,,LA TRINIDAD (Capital),Alno,Dg0041171,R041171,2046,
L41172,CAR,BENGUET,,LA TRINIDAD (Capital),Ambiong,Dg0041172,R041172,6423,
L41173,CAR,BENGUET,,LA TRINIDAD (Capital),Bahong,Dg0041173,R041173,4828,
L41174,CAR,BENGUET,,LA TRINIDAD (Capital),Balili,Dg0041174,R041174,16086,
L41175,CAR,BENGUET,,LA TRINIDAD (Capital),Beckel,Dg0041175,R041175,3453,
L41176,CAR,BENGUET,,LA TRINIDAD (Capital),Bineng,Dg0041176,R041176,1487,
L41177,CAR,BENGUET,,LA TRINIDAD (Capital),Betag,Dg0041177,R041177,6863,
L41178,CAR,BENGUET,,LA TRINIDAD (Capital),Cruz,Dg0041178,R041178,3519,
L41179,CAR,BENGUET,,LA TRINIDAD (Capital),Lubas,Dg0041179,R041179,5591,
L41180,CAR,BENGUET,,LA TRINIDAD (Capital),Pico,Dg0041180,R041180,18271,
L41181,CAR,BENGUET,,LA TRINIDAD (Capital),Poblacion,Dg0041181,R041181,10594,
L41182,CAR,BENGUET,,LA TRINIDAD (Capital),Puguis,Dg0041182,R041182,7163,
L41183,CAR,BENGUET,,LA TRINIDAD (Capital),Shilan,Dg0041183,R041183,4330,
L41184,CAR,BENGUET,,LA TRINIDAD (Capital),Tawang,Dg0041184,R041184,7456,
L41185,CAR,BENGUET,,LA TRINIDAD (Capital),Wangal,Dg0041185,R041185,4907,
L41186,CAR,BENGUET,,MANYAKAN,,Dg0041186,R041186,35586,
L41187,CAR,BENGUET,,MANYAKAN,Balili,Dg0041187,R041187,6236,
L41188,CAR,BENGUET,,MANYAKAN,Bedbed,Dg0041188,R041188,864,
L41189,CAR,BENGUET,,MANYAKAN,Bulalacao,Dg0041189,R041189,3349,
L41190,CAR,BENGUET,,MANYAKAN,Cabiten,Dg0041190,R041190,1854,
L41191,CAR,BENGUET,,MANYAKAN,Colalo,Dg0041191,R041191,1232,
L41192,CAR,BENGUET,,MANYAKAN,Guinaoang,Dg0041192,R041192,1855,
L41193,CAR,BENGUET,,MANYAKAN,Paco,Dg0041193,R041193,6035,
L41194,CAR,BENGUET,,MANYAKAN,Palasaan,Dg0041194,R041194,2348,
L41195,CAR,BENGUET,,MANYAKAN,Poblacion,Dg0041195,R041195,3084,
L41196,CAR,BENGUET,,MANYAKAN,Sapid,Dg0041196,R041196,3271,
L41197,CAR,BENGUET,,MANYAKAN,Tabio,Dg0041197,R041197,3792,
L41198,CAR,BENGUET,,MANYAKAN,Taneg,Dg0041198,R041198,1666,
L41199,CAR,BENGUET,,SABLAN,,Dg0041199,R041199,10511,
L41200,CAR,BENGUET,,SABLAN,Bagong,Dg0041200,R041200,764,
L41201,CAR,BENGUET,,SABLAN,Balluay,Dg0041201,R041201,507,
L41202,CAR,BENGUET,,SABLAN,Banangan,Dg0041202,R041202,1756,
L41203,CAR,BENGUET,,SABLAN,Banengbeng,Dg0041203,R041203,1108,
L41204,CAR,BENGUET,,SABLAN,Bayabas,Dg0041204,R041204,2068,
L41205,CAR,BENGUET,,SABLAN,Kamog,Dg0041205,R041205,1064,
L41206,CAR,BENGUET,,SABLAN,Pappa,Dg0041206,R041206,594,
L41207,CAR,BENGUET,,SABLAN,Poblacion,Dg0041207,R041207,2650,
L41208,CAR,BENGUET,,TUBA,,Dg0041208,R041208,42874,
L41209,CAR,BENGUET,,TUBA,Ansagan,Dg0041209,R041209,2083,
L41210,CAR,BENGUET,,TUBA,Camp One,Dg0041210,R041210,1742,
L41211,CAR,BENGUET,,TUBA,Camp 3,Dg0041211,R041211,10413,
L41212,CAR,BENGUET,,TUBA,Camp 4,Dg0041212,R041212,5973,
L41213,CAR,BENGUET,,TUBA,Nangalisan,Dg0041213,R041213,2428,
L41214,CAR,BENGUET,,TUBA,Poblacion,Dg0041214,R041214,5958,
L41215,CAR,BENGUET,,TUBA,San Pascual,Dg0041215,R041215,1080,
L41216,CAR,BENGUET,,TUBA,Tabaan Norte,Dg0041216,R041216,1133,
L41217,CAR,BENGUET,,TUBA,Tabaan Sur,Dg0041217,R041217,1264,
L41218,CAR,BENGUET,,TUBA,Tadiangan,Dg0041218,R041218,5685,
L41219,CAR,BENGUET,,TUBA,Taloy Norte,Dg0041219,R041219,1307,
L41220,CAR,BENGUET,,TUBA,Taloy Sur,Dg0041220,R041220,2681,
L41221,CAR,BENGUET,,TUBA,Twin Peaks,Dg0041221,R041221,1127,
L41222,CAR,BENGUET,,TUBLAY,,Dg0041222,R041222,16555,
L41223,CAR,BENGUET,,TUBLAY,Ambassador,Dg0041223,R041223,4799,
L41224,CAR,BENGUET,,TUBLAY,Ambongdolan,Dg0041224,R041224,980,
L41225,CAR,BENGUET,,TUBLAY,Ba-ayan,Dg0041225,R041225,1736,
L41226,CAR,BENGUET,,TUBLAY,Basil,Dg0041226,R041226,1198,
L41227,CAR,BENGUET,,TUBLAY,Daclan,Dg0041227,R041227,1937,
L41228,CAR,BENGUET,,TUBLAY,Caponga (Pob.),Dg0041228,R041228,4049,
L41229,CAR,BENGUET,,TUBLAY,Tublay Central,Dg0041229,R041229,896,
L41230,CAR,BENGUET,,TUBLAY,Tuel,Dg0041230,R041230,960,
L41231,CAR,BENGUET,,BAGUIO CITY,,Dg0041231,R041231,318676,
L41232,CAR,BENGUET,,BAGUIO CITY,Apugan-Loakan,Dg0041232,R041232,2599,
L41233,CAR,BENGUET,,BAGUIO CITY,Asin Road,Dg0041233,R041233,11454,
L41234,CAR,BENGUET,,BAGUIO CITY,Atok Trail,Dg0041234,R041234,1516,
L41235,CAR,BENGUET,,BAGUIO CITY,Bakakeng Central,Dg0041235,R041235,7695,
L41236,CAR,BENGUET,,BAGUIO CITY,Bakakeng North,Dg0041236,R041236,8542,
L41237,CAR,BENGUET,,BAGUIO CITY,Happy Hollow,Dg0041237,R041237,2157,
L41238,CAR,BENGUET,,BAGUIO CITY,Balsigan,Dg0041238,R041238,2547,
L41239,CAR,BENGUET,,BAGUIO CITY,Bayan Park West (Bayan Park),Dg0041239,R041239,1763,
L41240,CAR,BENGUET,,BAGUIO CITY,Bayan Park East,Dg0041240,R041240,1151,
L41241,CAR,BENGUET,,BAGUIO CITY,Brookspoint,Dg0041241,R041241,2299,
L41242,CAR,BENGUET,,BAGUIO CITY,Brookside,Dg0041242,R041242,1965,
L41243,CAR,BENGUET,,BAGUIO CITY,Cabinet Hill-Teacher's Camp,Dg0041243,R041243,3297,
L41244,CAR,BENGUET,,BAGUIO CITY,Camp Allen,Dg0041244,R041244,2196,
L41245,CAR,BENGUET,,BAGUIO CITY,Camp 7,Dg0041245,R041245,9726,
L41246,CAR,BENGUET,,BAGUIO CITY,Camp 8,Dg0041246,R041246,2665,
L41247,CAR,BENGUET,,BAGUIO CITY,Campo Filipino,Dg0041247,R041247,1738,
L41248,CAR,BENGUET,,BAGUIO CITY,City Camp Central,Dg0041248,R041248,2009,
L41249,CAR,BENGUET,,BAGUIO CITY,City Camp Proper,Dg0041249,R041249,2013,
L41250,CAR,BENGUET,,BAGUIO CITY,Country Club Village,Dg0041250,R041250,1972,
L41251,CAR,BENGUET,,BAGUIO CITY,Cresencia Village,Dg0041251,R041251,1504,
L41252,CAR,BENGUET,,BAGUIO CITY,"Dagsian, Upper",Dg0041252,R041252,637,
L41253,CAR,BENGUET,,BAGUIO CITY,DPS Area,Dg0041253,R041253,1029,
L41254,CAR,BENGUET,,BAGUIO CITY,Dizon Subdivision,Dg0041254,R041254,1770,
L41255,CAR,BENGUET,,BAGUIO CITY,"Quirino Hill, East",Dg0041255,R041255,3020,
L41256,CAR,BENGUET,,BAGUIO CITY,Engineers' Hill,Dg0041256,R041256,2102,
L41257,CAR,BENGUET,,BAGUIO CITY,Fairview Village,Dg0041257,R041257,7409,
L41258,CAR,BENGUET,,BAGUIO CITY,Fort del Pilar,Dg0041258,R041258,3331,
L41259,CAR,BENGUET,,BAGUIO CITY,"General Luna, Upper",Dg0041259,R041259,941,
L41260,CAR,BENGUET,,BAGUIO CITY,"General Luna, Lower",Dg0041260,R041260,673,
L41261,CAR,BENGUET,,BAGUIO CITY,Gibraltar,Dg0041261,R041261,7066,
L41262,CAR,BENGUET,,BAGUIO CITY,Greenwater Village,Dg0041262,R041262,1728,
L41263,CAR,BENGUET,,BAGUIO CITY,Guisad Central,Dg0041263,R041263,1919,
L41264,CAR,BENGUET,,BAGUIO CITY,Guisad Sorong,Dg0041264,R041264,1749,
L41265,CAR,BENGUET,,BAGUIO CITY,Hillside,Dg0041265,R041265,1539,
L41266,CAR,BENGUET,,BAGUIO CITY,Holy Ghost Extension,Dg0041266,R041266,2993,
L41267,CAR,BENGUET,,BAGUIO CITY,Holy Ghost Proper,Dg0041267,R041267,2046,
L41268,CAR,BENGUET,,BAGUIO CITY,Imelda Village,Dg0041268,R041268,1314,
L41269,CAR,BENGUET,,BAGUIO CITY,Irisan,Dg0041269,R041269,28357,
L41270,CAR,BENGUET,,BAGUIO CITY,Kayang Extension,Dg0041270,R041270,1222,
L41271,CAR,BENGUET,,BAGUIO CITY,Kias,Dg0041271,R041271,5247,
L41272,CAR,BENGUET,,BAGUIO CITY,Kagitingan,Dg0041272,R041272,471,
L41273,CAR,BENGUET,,BAGUIO CITY,Loakan Proper,Dg0041273,R041273,9158,
L41274,CAR,BENGUET,,BAGUIO CITY,Lopez Jaena,Dg0041274,R041274,1370,
L41275,CAR,BENGUET,,BAGUIO CITY,Lourdes Subdivision Extension,Dg0041275,R041275,1093,
L41276,CAR,BENGUET,,BAGUIO CITY,"Dagsian, Lower",Dg0041276,R041276,1159,
L41277,CAR,BENGUET,,BAGUIO CITY,"Lourdes Subdivision, Lower",Dg0041277,R041277,192,
L41278,CAR,BENGUET,,BAGUIO CITY,"Quirino Hill, Lower",Dg0041278,R041278,1932,
L41279,CAR,BENGUET,,BAGUIO CITY,"General Emilio F. Aguinaldo (Quirino-Magsaysay, Lower)",Dg0041279,R041279,2126,
L41280,CAR,BENGUET,,BAGUIO CITY,Lualhati,Dg0041280,R041280,984,
L41281,CAR,BENGUET,,BAGUIO CITY,Lucnab,Dg0041281,R041281,1866,
L41282,CAR,BENGUET,,BAGUIO CITY,"Magsaysay, Lower",Dg0041282,R041282,528,
L41283,CAR,BENGUET,,BAGUIO CITY,Magsaysay Private Road,Dg0041283,R041283,1065,
L41284,CAR,BENGUET,,BAGUIO CITY,Aurora Hill Proper (Malvar-Sgt. Floresca),Dg0041284,R041284,819,
L41285,CAR,BENGUET,,BAGUIO CITY,Bal-Marcoville (Marcoville),Dg0041285,R041285,660,
L41286,CAR,BENGUET,,BAGUIO CITY,"Quirino Hill, Middle",Dg0041286,R041286,2544,
L41287,CAR,BENGUET,,BAGUIO CITY,Military Cut-off,Dg0041287,R041287,1786,
L41288,CAR,BENGUET,,BAGUIO CITY,Mines View Park,Dg0041288,R041288,1392,
L41289,CAR,BENGUET,,BAGUIO CITY,"Modern Site, East",Dg0041289,R041289,2749,
L41290,CAR,BENGUET,,BAGUIO CITY,"Modern Site, West",Dg0041290,R041290,1137,
L41291,CAR,BENGUET,,BAGUIO CITY,New Lucban,Dg0041291,R041291,2286,
L41292,CAR,BENGUET,,BAGUIO CITY,"Aurora Hill, North Central",Dg0041292,R041292,472,
L41293,CAR,BENGUET,,BAGUIO CITY,"Sanitary Camp, North",Dg0041293,R041293,2668,
L41294,CAR,BENGUET,,BAGUIO CITY,Outlook Drive,Dg0041294,R041294,1735,
L41295,CAR,BENGUET,,BAGUIO CITY,Pacdal,Dg0041295,R041295,5441,
L41296,CAR,BENGUET,,BAGUIO CITY,Pinget,Dg0041296,R041296,6669,
L41297,CAR,BENGUET,,BAGUIO CITY,Pinsao Pilot Project,Dg0041297,R041297,3521,
L41298,CAR,BENGUET,,BAGUIO CITY,Pinsao Proper,Dg0041298,R041298,5257,
L41299,CAR,BENGUET,,BAGUIO CITY,Poliwes,Dg0041299,R041299,3658,
L41300,CAR,BENGUET,,BAGUIO CITY,Pucsusan,Dg0041300,R041300,676,
L41301,CAR,BENGUET,,BAGUIO CITY,MRR-Queen Of Peace,Dg0041301,R041301,1740,
L41302,CAR,BENGUET,,BAGUIO CITY,"Rock Quarry, Lower",Dg0041302,R041302,1518,
L41303,CAR,BENGUET,,BAGUIO CITY,Salud Mitra,Dg0041303,R041303,1065,
L41304,CAR,BENGUET,,BAGUIO CITY,San Antonio Village,Dg0041304,R041304,1401,
L41305,CAR,BENGUET,,BAGUIO CITY,San Luis Village,Dg0041305,R041305,7199,
L41306,CAR,BENGUET,,BAGUIO CITY,San Roque Village,Dg0041306,R041306,700,
L41307,CAR,BENGUET,,BAGUIO CITY,San Vicente,Dg0041307,R041307,4574,
L41308,CAR,BENGUET,,BAGUIO CITY,Santa Escolastica,Dg0041308,R041308,1400,
L41309,CAR,BENGUET,,BAGUIO CITY,Santo Rosario,Dg0041309,R041309,2230,
L41310,CAR,BENGUET,,BAGUIO CITY,Santo Tomas School Area,Dg0041310,R041310,1109,
L41311,CAR,BENGUET,,BAGUIO CITY,Santo Tomas Proper,Dg0041311,R041311,5640,
L41312,CAR,BENGUET,,BAGUIO CITY,Scout Barrio,Dg0041312,R041312,1276,
L41313,CAR,BENGUET,,BAGUIO CITY,Session Road Area,Dg0041313,R041313,85,
L41314,CAR,BENGUET,,BAGUIO CITY,Slaughter House Area (Santo Ni絪 Slaughter),Dg0041314,R041314,2249,
L41315,CAR,BENGUET,,BAGUIO CITY,"Sanitary Camp, South",Dg0041315,R041315,1473,
L41316,CAR,BENGUET,,BAGUIO CITY,Saint Joseph Village,Dg0041316,R041316,3785,
L41317,CAR,BENGUET,,BAGUIO CITY,Teodora Alonzo,Dg0041317,R041317,1201,
L41318,CAR,BENGUET,,BAGUIO CITY,Trancoville,Dg0041318,R041318,2197,
L41319,CAR,BENGUET,,BAGUIO CITY,"Rock Quarry, Upper",Dg0041319,R041319,1818,
L41320,CAR,BENGUET,,BAGUIO CITY,Victoria Village,Dg0041320,R041320,2984,
L41321,CAR,BENGUET,,BAGUIO CITY,"Quirino Hill, West",Dg0041321,R041321,1740,
L41322,CAR,BENGUET,,BAGUIO CITY,Andres Bonifacio (Lower Bokawkan),Dg0041322,R041322,1226,
L41323,CAR,BENGUET,,BAGUIO CITY,Legarda-Burnham-Kisad,Dg0041323,R041323,968,
L41324,CAR,BENGUET,,BAGUIO CITY,Imelda R. Marcos (La Salle),Dg0041324,R041324,1022,
L41325,CAR,BENGUET,,BAGUIO CITY,"Lourdes Subdivision, Proper",Dg0041325,R041325,788,
L41326,CAR,BENGUET,,BAGUIO CITY,"Quirino-Magsaysay, Upper (Upper QM)",Dg0041326,R041326,2432,
L41327,CAR,BENGUET,,BAGUIO CITY,A. Bonifacio-Caguioa-Rimando (ABCR),Dg0041327,R041327,986,
L41328,CAR,BENGUET,,BAGUIO CITY,Ambiong,Dg0041328,R041328,2477,
L41329,CAR,BENGUET,,BAGUIO CITY,"Aurora Hill, South Central",Dg0041329,R041329,1142,
L41330,CAR,BENGUET,,BAGUIO CITY,Abanao-Zandueta-Kayong-Chugum-Otek (AZKCO),Dg0041330,R041330,515,
L41331,CAR,BENGUET,,BAGUIO CITY,Bagong Lipunan (Market Area),Dg0041331,R041331,10,
L41332,CAR,BENGUET,,BAGUIO CITY,BGH Compound,Dg0041332,R041332,1468,
L41333,CAR,BENGUET,,BAGUIO CITY,Bayan Park Village,Dg0041333,R041333,848,
L41334,CAR,BENGUET,,BAGUIO CITY,Camdas Subdivision,Dg0041334,R041334,1401,
L41335,CAR,BENGUET,,BAGUIO CITY,Palma-Urbano (Cari絪-Palma),Dg0041335,R041335,1144,
L41336,CAR,BENGUET,,BAGUIO CITY,Dominican Hill-Mirador,Dg0041336,R041336,4035,
L41337,CAR,BENGUET,,BAGUIO CITY,Alfonso Tabora,Dg0041337,R041337,1462,
L41338,CAR,BENGUET,,BAGUIO CITY,Dontogan,Dg0041338,R041338,4579,
L41339,CAR,BENGUET,,BAGUIO CITY,Ferdinand (Happy Homes-Campo Sioco),Dg0041339,R041339,1665,
L41340,CAR,BENGUET,,BAGUIO CITY,Happy Homes (Happy Homes-Lucban),Dg0041340,R041340,1433,
L41341,CAR,BENGUET,,BAGUIO CITY,Harrison-Claudio Carantes,Dg0041341,R041341,291,
L41342,CAR,BENGUET,,BAGUIO CITY,Honeymoon (Honeymoon-Holy Ghost),Dg0041342,R041342,3314,
L41343,CAR,BENGUET,,BAGUIO CITY,Kabayanihan,Dg0041343,R041343,141,
L41344,CAR,BENGUET,,BAGUIO CITY,Kayang-Hilltop,Dg0041344,R041344,1136,
L41345,CAR,BENGUET,,BAGUIO CITY,Gabriela Silang,Dg0041345,R041345,2899,
L41346,CAR,BENGUET,,BAGUIO CITY,Liwanag-Loakan,Dg0041346,R041346,3316,
L41347,CAR,BENGUET,,BAGUIO CITY,Malcolm Square-Perfecto (Jose Abad Santos),Dg0041347,R041347,73,
L41348,CAR,BENGUET,,BAGUIO CITY,Manuel A. Roxas,Dg0041348,R041348,746,
L41349,CAR,BENGUET,,BAGUIO CITY,Padre Burgos,Dg0041349,R041349,3188,
L41350,CAR,BENGUET,,BAGUIO CITY,"Quezon Hill, Upper",Dg0041350,R041350,2344,
L41351,CAR,BENGUET,,BAGUIO CITY,"Rock Quarry, Middle",Dg0041351,R041351,1251,
L41352,CAR,BENGUET,,BAGUIO CITY,Phil-Am,Dg0041352,R041352,402,
L41353,CAR,BENGUET,,BAGUIO CITY,Quezon Hill Proper,Dg0041353,R041353,1200,
L41354,CAR,BENGUET,,BAGUIO CITY,Middle Quezon Hill Subdivision (Quezon Hill Middle),Dg0041354,R041354,3388,
L41355,CAR,BENGUET,,BAGUIO CITY,Rizal Monument Area,Dg0041355,R041355,68,
L41356,CAR,BENGUET,,BAGUIO CITY,SLU-SVP Housing Village,Dg0041356,R041356,1851,
L41357,CAR,BENGUET,,BAGUIO CITY,South Drive,Dg0041357,R041357,373,
L41358,CAR,BENGUET,,BAGUIO CITY,"Magsaysay, Upper",Dg0041358,R041358,104,
L41359,CAR,BENGUET,,BAGUIO CITY,"Market Subdivision, Upper",Dg0041359,R041359,1035,
L41360,CAR,BENGUET,,BAGUIO CITY,Padre Zamora,Dg0041360,R041360,2257,
L41361,CAR,IFUGAO,,,,Dg0041361,R041361,191078,
L41362,CAR,IFUGAO,,BANAUE,,Dg0041362,R041362,22365,
L41363,CAR,IFUGAO,,BANAUE,Amganad,Dg0041363,R041363,1826,
L41364,CAR,IFUGAO,,BANAUE,Anaba,Dg0041364,R041364,632,
L41365,CAR,IFUGAO,,BANAUE,Bangaan,Dg0041365,R041365,746,
L41366,CAR,IFUGAO,,BANAUE,Batad,Dg0041366,R041366,1024,
L41367,CAR,IFUGAO,,BANAUE,Bocos,Dg0041367,R041367,2820,
L41368,CAR,IFUGAO,,BANAUE,Banao,Dg0041368,R041368,599,
L41369,CAR,IFUGAO,,BANAUE,Cambulo,Dg0041369,R041369,1219,
L41370,CAR,IFUGAO,,BANAUE,Ducligan,Dg0041370,R041370,1040,
L41371,CAR,IFUGAO,,BANAUE,Gohang,Dg0041371,R041371,886,
L41372,CAR,IFUGAO,,BANAUE,Kinakin,Dg0041372,R041372,1084,
L41373,CAR,IFUGAO,,BANAUE,Poblacion,Dg0041373,R041373,2596,
L41374,CAR,IFUGAO,,BANAUE,Poitan,Dg0041374,R041374,1808,
L41375,CAR,IFUGAO,,BANAUE,San Fernando,Dg0041375,R041375,726,
L41376,CAR,IFUGAO,,BANAUE,Balawis,Dg0041376,R041376,1018,
L41377,CAR,IFUGAO,,BANAUE,Ohaj,Dg0041377,R041377,826,
L41378,CAR,IFUGAO,,BANAUE,Tam-an,Dg0041378,R041378,1435,
L41379,CAR,IFUGAO,,BANAUE,View Point,Dg0041379,R041379,1498,
L41380,CAR,IFUGAO,,BANAUE,Pula,Dg0041380,R041380,582,
L41381,CAR,IFUGAO,,HUNGDUAN,,Dg0041381,R041381,9933,
L41382,CAR,IFUGAO,,HUNGDUAN,Abatan,Dg0041382,R041382,849,
L41383,CAR,IFUGAO,,HUNGDUAN,Bangbang,Dg0041383,R041383,832,
L41384,CAR,IFUGAO,,HUNGDUAN,Maggok,Dg0041384,R041384,636,
L41385,CAR,IFUGAO,,HUNGDUAN,Poblacion,Dg0041385,R041385,1545,
L41386,CAR,IFUGAO,,HUNGDUAN,Bokiawan,Dg0041386,R041386,1366,
L41387,CAR,IFUGAO,,HUNGDUAN,Hapao,Dg0041387,R041387,2138,
L41388,CAR,IFUGAO,,HUNGDUAN,Lubo-ong,Dg0041388,R041388,775,
L41389,CAR,IFUGAO,,HUNGDUAN,Nungulunan,Dg0041389,R041389,857,
L41390,CAR,IFUGAO,,HUNGDUAN,Ba-ang,Dg0041390,R041390,935,
L41391,CAR,IFUGAO,,KIANGAN,,Dg0041391,R041391,15837,
L41392,CAR,IFUGAO,,KIANGAN,Ambabag,Dg0041392,R041392,837,
L41393,CAR,IFUGAO,,KIANGAN,Baguinge,Dg0041393,R041393,2217,
L41394,CAR,IFUGAO,,KIANGAN,Bokiawan,Dg0041394,R041394,431,
L41395,CAR,IFUGAO,,KIANGAN,Dalligan,Dg0041395,R041395,241,
L41396,CAR,IFUGAO,,KIANGAN,Duit,Dg0041396,R041396,2064,
L41397,CAR,IFUGAO,,KIANGAN,Hucab,Dg0041397,R041397,1396,
L41398,CAR,IFUGAO,,KIANGAN,Julongan,Dg0041398,R041398,457,
L41399,CAR,IFUGAO,,KIANGAN,Lingay,Dg0041399,R041399,372,
L41400,CAR,IFUGAO,,KIANGAN,Mungayang,Dg0041400,R041400,1198,
L41401,CAR,IFUGAO,,KIANGAN,Nagacadan,Dg0041401,R041401,816,
L41402,CAR,IFUGAO,,KIANGAN,Pindongan,Dg0041402,R041402,1146,
L41403,CAR,IFUGAO,,KIANGAN,Poblacion,Dg0041403,R041403,1633,
L41404,CAR,IFUGAO,,KIANGAN,Tuplac,Dg0041404,R041404,1501,
L41405,CAR,IFUGAO,,KIANGAN,Bolog,Dg0041405,R041405,1528,
L41406,CAR,IFUGAO,,LAGAWE (Capital),,Dg0041406,R041406,18077,
L41407,CAR,IFUGAO,,LAGAWE (Capital),Abinuan,Dg0041407,R041407,518,
L41408,CAR,IFUGAO,,LAGAWE (Capital),Banga,Dg0041408,R041408,113,
L41409,CAR,IFUGAO,,LAGAWE (Capital),Boliwong,Dg0041409,R041409,1522,
L41410,CAR,IFUGAO,,LAGAWE (Capital),Burnay,Dg0041410,R041410,1016,
L41411,CAR,IFUGAO,,LAGAWE (Capital),Buyabuyan,Dg0041411,R041411,430,
L41412,CAR,IFUGAO,,LAGAWE (Capital),Caba,Dg0041412,R041412,871,
L41413,CAR,IFUGAO,,LAGAWE (Capital),Cudog,Dg0041413,R041413,1514,
L41414,CAR,IFUGAO,,LAGAWE (Capital),Dulao,Dg0041414,R041414,671,
L41415,CAR,IFUGAO,,LAGAWE (Capital),Jucbong,Dg0041415,R041415,455,
L41416,CAR,IFUGAO,,LAGAWE (Capital),Luta,Dg0041416,R041416,233,
L41417,CAR,IFUGAO,,LAGAWE (Capital),Montabiong,Dg0041417,R041417,494,
L41418,CAR,IFUGAO,,LAGAWE (Capital),Olilicon,Dg0041418,R041418,465,
L41419,CAR,IFUGAO,,LAGAWE (Capital),Poblacion South,Dg0041419,R041419,1039,
L41420,CAR,IFUGAO,,LAGAWE (Capital),Ponghal,Dg0041420,R041420,334,
L41421,CAR,IFUGAO,,LAGAWE (Capital),Pullaan,Dg0041421,R041421,325,
L41422,CAR,IFUGAO,,LAGAWE (Capital),Tungngod,Dg0041422,R041422,881,
L41423,CAR,IFUGAO,,LAGAWE (Capital),Tupaya,Dg0041423,R041423,584,
L41424,CAR,IFUGAO,,LAGAWE (Capital),Poblacion East,Dg0041424,R041424,2294,
L41425,CAR,IFUGAO,,LAGAWE (Capital),Poblacion North,Dg0041425,R041425,2106,
L41426,CAR,IFUGAO,,LAGAWE (Capital),Poblacion West,Dg0041426,R041426,2212,
L41427,CAR,IFUGAO,,LAMUT,,Dg0041427,R041427,23088,
L41428,CAR,IFUGAO,,LAMUT,Ambasa,Dg0041428,R041428,740,
L41429,CAR,IFUGAO,,LAMUT,Hapid,Dg0041429,R041429,1504,
L41430,CAR,IFUGAO,,LAMUT,Lawig,Dg0041430,R041430,1458,
L41431,CAR,IFUGAO,,LAMUT,Lucban,Dg0041431,R041431,870,
L41432,CAR,IFUGAO,,LAMUT,Mabatobato (Lamut),Dg0041432,R041432,1905,
L41433,CAR,IFUGAO,,LAMUT,Magulon,Dg0041433,R041433,1145,
L41434,CAR,IFUGAO,,LAMUT,Nayon,Dg0041434,R041434,1094,
L41435,CAR,IFUGAO,,LAMUT,Panopdopan,Dg0041435,R041435,963,
L41436,CAR,IFUGAO,,LAMUT,Payawan,Dg0041436,R041436,1473,
L41437,CAR,IFUGAO,,LAMUT,Pieza,Dg0041437,R041437,700,
L41438,CAR,IFUGAO,,LAMUT,Poblacion East,Dg0041438,R041438,1836,
L41439,CAR,IFUGAO,,LAMUT,Pugol (Ifugao Reservation),Dg0041439,R041439,1885,
L41440,CAR,IFUGAO,,LAMUT,Salamague,Dg0041440,R041440,769,
L41441,CAR,IFUGAO,,LAMUT,Bimpal,Dg0041441,R041441,1330,
L41442,CAR,IFUGAO,,LAMUT,Holowon,Dg0041442,R041442,738,
L41443,CAR,IFUGAO,,LAMUT,Poblacion West,Dg0041443,R041443,2637,
L41444,CAR,IFUGAO,,LAMUT,Sanafe,Dg0041444,R041444,1173,
L41445,CAR,IFUGAO,,LAMUT,Umilag,Dg0041445,R041445,868,
L41446,CAR,IFUGAO,,MAYOYAO,,Dg0041446,R041446,16413,
L41447,CAR,IFUGAO,,MAYOYAO,Aduyongan,Dg0041447,R041447,399,
L41448,CAR,IFUGAO,,MAYOYAO,Alimit,Dg0041448,R041448,453,
L41449,CAR,IFUGAO,,MAYOYAO,Ayangan,Dg0041449,R041449,502,
L41450,CAR,IFUGAO,,MAYOYAO,Balangbang,Dg0041450,R041450,1315,
L41451,CAR,IFUGAO,,MAYOYAO,Banao,Dg0041451,R041451,485,
L41452,CAR,IFUGAO,,MAYOYAO,Banhal,Dg0041452,R041452,669,
L41453,CAR,IFUGAO,,MAYOYAO,Bongan,Dg0041453,R041453,608,
L41454,CAR,IFUGAO,,MAYOYAO,Buninan,Dg0041454,R041454,777,
L41455,CAR,IFUGAO,,MAYOYAO,Chaya,Dg0041455,R041455,870,
L41456,CAR,IFUGAO,,MAYOYAO,Chumang,Dg0041456,R041456,977,
L41457,CAR,IFUGAO,,MAYOYAO,Guinihon,Dg0041457,R041457,457,
L41458,CAR,IFUGAO,,MAYOYAO,Inwaloy,Dg0041458,R041458,436,
L41459,CAR,IFUGAO,,MAYOYAO,Langayan,Dg0041459,R041459,516,
L41460,CAR,IFUGAO,,MAYOYAO,Liwo,Dg0041460,R041460,421,
L41461,CAR,IFUGAO,,MAYOYAO,Maga,Dg0041461,R041461,497,
L41462,CAR,IFUGAO,,MAYOYAO,Magulon,Dg0041462,R041462,433,
L41463,CAR,IFUGAO,,MAYOYAO,Mapawoy,Dg0041463,R041463,877,
L41464,CAR,IFUGAO,,MAYOYAO,Mayoyao Proper,Dg0041464,R041464,546,
L41465,CAR,IFUGAO,,MAYOYAO,Mongol,Dg0041465,R041465,313,
L41466,CAR,IFUGAO,,MAYOYAO,Nalbu,Dg0041466,R041466,477,
L41467,CAR,IFUGAO,,MAYOYAO,Nattum,Dg0041467,R041467,813,
L41468,CAR,IFUGAO,,MAYOYAO,Palaad,Dg0041468,R041468,361,
L41469,CAR,IFUGAO,,MAYOYAO,Poblacion,Dg0041469,R041469,1047,
L41470,CAR,IFUGAO,,MAYOYAO,Talboc,Dg0041470,R041470,514,
L41471,CAR,IFUGAO,,MAYOYAO,Tulaed,Dg0041471,R041471,440,
L41472,CAR,IFUGAO,,MAYOYAO,Bato-Alatbang,Dg0041472,R041472,768,
L41473,CAR,IFUGAO,,MAYOYAO,Epeng,Dg0041473,R041473,442,
L41474,CAR,IFUGAO,,ALFONSO LISTA (POTIA),,Dg0041474,R041474,28410,
L41475,CAR,IFUGAO,,ALFONSO LISTA (POTIA),Bangar,Dg0041475,R041475,461,
L41476,CAR,IFUGAO,,ALFONSO LISTA (POTIA),Busilac,Dg0041476,R041476,1422,
L41477,CAR,IFUGAO,,ALFONSO LISTA (POTIA),Calimag,Dg0041477,R041477,623,
L41478,CAR,IFUGAO,,ALFONSO LISTA (POTIA),Calupaan,Dg0041478,R041478,798,
L41479,CAR,IFUGAO,,ALFONSO LISTA (POTIA),Caragasan,Dg0041479,R041479,1595,
L41480,CAR,IFUGAO,,ALFONSO LISTA (POTIA),Dolowog,Dg0041480,R041480,604,
L41481,CAR,IFUGAO,,ALFONSO LISTA (POTIA),Kiling,Dg0041481,R041481,1567,
L41482,CAR,IFUGAO,,ALFONSO LISTA (POTIA),Namnama,Dg0041482,R041482,1250,
L41483,CAR,IFUGAO,,ALFONSO LISTA (POTIA),Namillangan,Dg0041483,R041483,1841,
L41484,CAR,IFUGAO,,ALFONSO LISTA (POTIA),Pinto,Dg0041484,R041484,2951,
L41485,CAR,IFUGAO,,ALFONSO LISTA (POTIA),Poblacion,Dg0041485,R041485,1726,
L41486,CAR,IFUGAO,,ALFONSO LISTA (POTIA),San Jose,Dg0041486,R041486,1002,
L41487,CAR,IFUGAO,,ALFONSO LISTA (POTIA),San Juan,Dg0041487,R041487,997,
L41488,CAR,IFUGAO,,ALFONSO LISTA (POTIA),San Marcos,Dg0041488,R041488,1312,
L41489,CAR,IFUGAO,,ALFONSO LISTA (POTIA),San Quintin,Dg0041489,R041489,1175,
L41490,CAR,IFUGAO,,ALFONSO LISTA (POTIA),Santa Maria,Dg0041490,R041490,4312,
L41491,CAR,IFUGAO,,ALFONSO LISTA (POTIA),Santo Domingo (Cabicalan),Dg0041491,R041491,1559,
L41492,CAR,IFUGAO,,ALFONSO LISTA (POTIA),Little Tadian,Dg0041492,R041492,1216,
L41493,CAR,IFUGAO,,ALFONSO LISTA (POTIA),Ngileb,Dg0041493,R041493,1293,
L41494,CAR,IFUGAO,,ALFONSO LISTA (POTIA),Laya,Dg0041494,R041494,706,
L41495,CAR,IFUGAO,,AGUINALDO,,Dg0041495,R041495,18610,
L41496,CAR,IFUGAO,,AGUINALDO,Awayan,Dg0041496,R041496,1264,
L41497,CAR,IFUGAO,,AGUINALDO,Bunhian,Dg0041497,R041497,1013,
L41498,CAR,IFUGAO,,AGUINALDO,Butac,Dg0041498,R041498,1179,
L41499,CAR,IFUGAO,,AGUINALDO,Chalalo,Dg0041499,R041499,1363,
L41500,CAR,IFUGAO,,AGUINALDO,Damag,Dg0041500,R041500,986,
L41501,CAR,IFUGAO,,AGUINALDO,Galonogon,Dg0041501,R041501,1137,
L41502,CAR,IFUGAO,,AGUINALDO,Halag,Dg0041502,R041502,1788,
L41503,CAR,IFUGAO,,AGUINALDO,Itab,Dg0041503,R041503,1125,
L41504,CAR,IFUGAO,,AGUINALDO,Jacmal,Dg0041504,R041504,853,
L41505,CAR,IFUGAO,,AGUINALDO,Majlong,Dg0041505,R041505,485,
L41506,CAR,IFUGAO,,AGUINALDO,Mongayang,Dg0041506,R041506,2033,
L41507,CAR,IFUGAO,,AGUINALDO,Posnaan,Dg0041507,R041507,1367,
L41508,CAR,IFUGAO,,AGUINALDO,Ta-ang,Dg0041508,R041508,552,
L41509,CAR,IFUGAO,,AGUINALDO,Talite,Dg0041509,R041509,724,
L41510,CAR,IFUGAO,,AGUINALDO,Ubao,Dg0041510,R041510,2327,
L41511,CAR,IFUGAO,,AGUINALDO,Buwag,Dg0041511,R041511,414,
L41512,CAR,IFUGAO,,HINGYON,,Dg0041512,R041512,9795,
L41513,CAR,IFUGAO,,HINGYON,Anao,Dg0041513,R041513,422,
L41514,CAR,IFUGAO,,HINGYON,Bangtinon,Dg0041514,R041514,298,
L41515,CAR,IFUGAO,,HINGYON,Bitu,Dg0041515,R041515,515,
L41516,CAR,IFUGAO,,HINGYON,Cababuyan,Dg0041516,R041516,738,
L41517,CAR,IFUGAO,,HINGYON,Mompolia,Dg0041517,R041517,1313,
L41518,CAR,IFUGAO,,HINGYON,Namulditan,Dg0041518,R041518,1035,
L41519,CAR,IFUGAO,,HINGYON,O-ong,Dg0041519,R041519,1439,
L41520,CAR,IFUGAO,,HINGYON,Piwong,Dg0041520,R041520,1183,
L41521,CAR,IFUGAO,,HINGYON,Poblacion (Hingyon),Dg0041521,R041521,842,
L41522,CAR,IFUGAO,,HINGYON,Ubuag,Dg0041522,R041522,337,
L41523,CAR,IFUGAO,,HINGYON,Umalbong,Dg0041523,R041523,789,
L41524,CAR,IFUGAO,,HINGYON,Northern Cababuyan,Dg0041524,R041524,884,
L41525,CAR,IFUGAO,,TINOC,,Dg0041525,R041525,14147,
L41526,CAR,IFUGAO,,TINOC,Ahin,Dg0041526,R041526,1065,
L41527,CAR,IFUGAO,,TINOC,Ap-apid,Dg0041527,R041527,997,
L41528,CAR,IFUGAO,,TINOC,Binablayan,Dg0041528,R041528,1478,
L41529,CAR,IFUGAO,,TINOC,Danggo,Dg0041529,R041529,1273,
L41530,CAR,IFUGAO,,TINOC,Eheb,Dg0041530,R041530,469,
L41531,CAR,IFUGAO,,TINOC,Gumhang,Dg0041531,R041531,984,
L41532,CAR,IFUGAO,,TINOC,Impugong,Dg0041532,R041532,1318,
L41533,CAR,IFUGAO,,TINOC,Luhong,Dg0041533,R041533,1328,
L41534,CAR,IFUGAO,,TINOC,Tinoc,Dg0041534,R041534,2263,
L41535,CAR,IFUGAO,,TINOC,Tukucan,Dg0041535,R041535,1157,
L41536,CAR,IFUGAO,,TINOC,Tulludan,Dg0041536,R041536,850,
L41537,CAR,IFUGAO,,TINOC,Wangwang,Dg0041537,R041537,965,
L41538,CAR,IFUGAO,,ASIPULO,,Dg0041538,R041538,14403,
L41539,CAR,IFUGAO,,ASIPULO,Amduntog,Dg0041539,R041539,2124,
L41540,CAR,IFUGAO,,ASIPULO,Antipolo,Dg0041540,R041540,1270,
L41541,CAR,IFUGAO,,ASIPULO,Camandag,Dg0041541,R041541,3860,
L41542,CAR,IFUGAO,,ASIPULO,Cawayan,Dg0041542,R041542,1287,
L41543,CAR,IFUGAO,,ASIPULO,Hallap,Dg0041543,R041543,1048,
L41544,CAR,IFUGAO,,ASIPULO,Namal,Dg0041544,R041544,1906,
L41545,CAR,IFUGAO,,ASIPULO,Nungawa,Dg0041545,R041545,562,
L41546,CAR,IFUGAO,,ASIPULO,Panubtuban,Dg0041546,R041546,952,
L41547,CAR,IFUGAO,,ASIPULO,Pula,Dg0041547,R041547,1394,
L41548,CAR,KALINGA,,,,Dg0041548,R041548,201613,
L41549,CAR,KALINGA,,BALBALAN,,Dg0041549,R041549,12082,
L41550,CAR,KALINGA,,BALBALAN,Ababa-an,Dg0041550,R041550,391,
L41551,CAR,KALINGA,,BALBALAN,Balantoy,Dg0041551,R041551,1455,
L41552,CAR,KALINGA,,BALBALAN,Balbalan Proper,Dg0041552,R041552,1016,
L41553,CAR,KALINGA,,BALBALAN,Balbalasang,Dg0041553,R041553,923,
L41554,CAR,KALINGA,,BALBALAN,Buaya,Dg0041554,R041554,779,
L41555,CAR,KALINGA,,BALBALAN,Dao-angan,Dg0041555,R041555,635,
L41556,CAR,KALINGA,,BALBALAN,Gawa-an,Dg0041556,R041556,1006,
L41557,CAR,KALINGA,,BALBALAN,Mabaca,Dg0041557,R041557,697,
L41558,CAR,KALINGA,,BALBALAN,Maling (Kabugao),Dg0041558,R041558,434,
L41559,CAR,KALINGA,,BALBALAN,Pantikian,Dg0041559,R041559,1064,
L41560,CAR,KALINGA,,BALBALAN,Poswoy,Dg0041560,R041560,968,
L41561,CAR,KALINGA,,BALBALAN,Poblacion (Salegseg),Dg0041561,R041561,1195,
L41562,CAR,KALINGA,,BALBALAN,Talalang,Dg0041562,R041562,628,
L41563,CAR,KALINGA,,BALBALAN,Tawang,Dg0041563,R041563,891,
L41564,CAR,KALINGA,,LUBUAGAN,,Dg0041564,R041564,9369,
L41565,CAR,KALINGA,,LUBUAGAN,Dangoy,Dg0041565,R041565,1304,
L41566,CAR,KALINGA,,LUBUAGAN,Mabilong,Dg0041566,R041566,1327,
L41567,CAR,KALINGA,,LUBUAGAN,Mabongtot,Dg0041567,R041567,913,
L41568,CAR,KALINGA,,LUBUAGAN,Poblacion,Dg0041568,R041568,1550,
L41569,CAR,KALINGA,,LUBUAGAN,Tanglag,Dg0041569,R041569,713,
L41570,CAR,KALINGA,,LUBUAGAN,Lower Uma,Dg0041570,R041570,641,
L41571,CAR,KALINGA,,LUBUAGAN,Upper Uma,Dg0041571,R041571,818,
L41572,CAR,KALINGA,,LUBUAGAN,Antonio Canao,Dg0041572,R041572,965,
L41573,CAR,KALINGA,,LUBUAGAN,Uma del Norte (Western Luna Uma),Dg0041573,R041573,1138,
L41574,CAR,KALINGA,,PASIL,,Dg0041574,R041574,9626,
L41575,CAR,KALINGA,,PASIL,Ableg,Dg0041575,R041575,548,
L41576,CAR,KALINGA,,PASIL,Balatoc,Dg0041576,R041576,1442,
L41577,CAR,KALINGA,,PASIL,Balinciagao Norte,Dg0041577,R041577,855,
L41578,CAR,KALINGA,,PASIL,Cagaluan,Dg0041578,R041578,1218,
L41579,CAR,KALINGA,,PASIL,Colayo,Dg0041579,R041579,367,
L41580,CAR,KALINGA,,PASIL,Dalupa,Dg0041580,R041580,420,
L41581,CAR,KALINGA,,PASIL,Dangtalan,Dg0041581,R041581,664,
L41582,CAR,KALINGA,,PASIL,Galdang (Casaloan),Dg0041582,R041582,368,
L41583,CAR,KALINGA,,PASIL,Guina-ang (Pob.),Dg0041583,R041583,954,
L41584,CAR,KALINGA,,PASIL,Magsilay,Dg0041584,R041584,702,
L41585,CAR,KALINGA,,PASIL,Malucsad,Dg0041585,R041585,535,
L41586,CAR,KALINGA,,PASIL,Pugong,Dg0041586,R041586,702,
L41587,CAR,KALINGA,,PASIL,Balenciagao Sur,Dg0041587,R041587,439,
L41588,CAR,KALINGA,,PASIL,Bagtayan,Dg0041588,R041588,412,
L41589,CAR,KALINGA,,PINUKPUK,,Dg0041589,R041589,29596,
L41590,CAR,KALINGA,,PINUKPUK,Aciga,Dg0041590,R041590,753,
L41591,CAR,KALINGA,,PINUKPUK,Allaguia,Dg0041591,R041591,1607,
L41592,CAR,KALINGA,,PINUKPUK,Ammacian,Dg0041592,R041592,1526,
L41593,CAR,KALINGA,,PINUKPUK,Apatan,Dg0041593,R041593,1802,
L41594,CAR,KALINGA,,PINUKPUK,Ba-ay,Dg0041594,R041594,644,
L41595,CAR,KALINGA,,PINUKPUK,Ballayangon,Dg0041595,R041595,1458,
L41596,CAR,KALINGA,,PINUKPUK,Bayao,Dg0041596,R041596,1826,
L41597,CAR,KALINGA,,PINUKPUK,Wagud,Dg0041597,R041597,1036,
L41598,CAR,KALINGA,,PINUKPUK,Camalog,Dg0041598,R041598,848,
L41599,CAR,KALINGA,,PINUKPUK,Katabbogan,Dg0041599,R041599,1682,
L41600,CAR,KALINGA,,PINUKPUK,Dugpa,Dg0041600,R041600,1130,
L41601,CAR,KALINGA,,PINUKPUK,Cawagayan,Dg0041601,R041601,880,
L41602,CAR,KALINGA,,PINUKPUK,Asibanglan,Dg0041602,R041602,1058,
L41603,CAR,KALINGA,,PINUKPUK,Limos,Dg0041603,R041603,843,
L41604,CAR,KALINGA,,PINUKPUK,Magaogao,Dg0041604,R041604,803,
L41605,CAR,KALINGA,,PINUKPUK,Malagnat,Dg0041605,R041605,1690,
L41606,CAR,KALINGA,,PINUKPUK,Mapaco,Dg0041606,R041606,852,
L41607,CAR,KALINGA,,PINUKPUK,Pakawit,Dg0041607,R041607,999,
L41608,CAR,KALINGA,,PINUKPUK,Pinukpuk Junction,Dg0041608,R041608,2986,
L41609,CAR,KALINGA,,PINUKPUK,Socbot,Dg0041609,R041609,1287,
L41610,CAR,KALINGA,,PINUKPUK,Taga (Pob.),Dg0041610,R041610,2178,
L41611,CAR,KALINGA,,PINUKPUK,Pinococ,Dg0041611,R041611,683,
L41612,CAR,KALINGA,,PINUKPUK,Taggay,Dg0041612,R041612,1025,
L41613,CAR,KALINGA,,RIZAL (LIWAN),,Dg0041613,R041613,15942,
L41614,CAR,KALINGA,,RIZAL (LIWAN),Babalag East (Pob.),Dg0041614,R041614,1179,
L41615,CAR,KALINGA,,RIZAL (LIWAN),Calaocan,Dg0041615,R041615,1304,
L41616,CAR,KALINGA,,RIZAL (LIWAN),Kinama,Dg0041616,R041616,762,
L41617,CAR,KALINGA,,RIZAL (LIWAN),Liwan East,Dg0041617,R041617,1349,
L41618,CAR,KALINGA,,RIZAL (LIWAN),Liwan West,Dg0041618,R041618,2490,
L41619,CAR,KALINGA,,RIZAL (LIWAN),Macutay,Dg0041619,R041619,1575,
L41620,CAR,KALINGA,,RIZAL (LIWAN),San Pascual,Dg0041620,R041620,1190,
L41621,CAR,KALINGA,,RIZAL (LIWAN),San Quintin,Dg0041621,R041621,532,
L41622,CAR,KALINGA,,RIZAL (LIWAN),Santor,Dg0041622,R041622,1387,
L41623,CAR,KALINGA,,RIZAL (LIWAN),Babalag West (Pob.),Dg0041623,R041623,1851,
L41624,CAR,KALINGA,,RIZAL (LIWAN),Bulbol,Dg0041624,R041624,750,
L41625,CAR,KALINGA,,RIZAL (LIWAN),Romualdez,Dg0041625,R041625,594,
L41626,CAR,KALINGA,,RIZAL (LIWAN),San Francisco,Dg0041626,R041626,482,
L41627,CAR,KALINGA,,RIZAL (LIWAN),San Pedro,Dg0041627,R041627,497,
L41628,CAR,KALINGA,,CITY OF TABUK (Capital),,Dg0041628,R041628,103912,
L41629,CAR,KALINGA,,CITY OF TABUK (Capital),Agbannawag,Dg0041629,R041629,4082,
L41630,CAR,KALINGA,,CITY OF TABUK (Capital),Amlao,Dg0041630,R041630,682,
L41631,CAR,KALINGA,,CITY OF TABUK (Capital),Appas,Dg0041631,R041631,2689,
L41632,CAR,KALINGA,,CITY OF TABUK (Capital),Bagumbayan,Dg0041632,R041632,729,
L41633,CAR,KALINGA,,CITY OF TABUK (Capital),Balawag,Dg0041633,R041633,1517,
L41634,CAR,KALINGA,,CITY OF TABUK (Capital),Balong,Dg0041634,R041634,1680,
L41635,CAR,KALINGA,,CITY OF TABUK (Capital),Bantay,Dg0041635,R041635,1015,
L41636,CAR,KALINGA,,CITY OF TABUK (Capital),Bulanao,Dg0041636,R041636,15948,
L41637,CAR,KALINGA,,CITY OF TABUK (Capital),Cabaritan,Dg0041637,R041637,915,
L41638,CAR,KALINGA,,CITY OF TABUK (Capital),Cabaruan,Dg0041638,R041638,1729,
L41639,CAR,KALINGA,,CITY OF TABUK (Capital),Calaccad,Dg0041639,R041639,1339,
L41640,CAR,KALINGA,,CITY OF TABUK (Capital),Calanan,Dg0041640,R041640,1423,
L41641,CAR,KALINGA,,CITY OF TABUK (Capital),Dilag,Dg0041641,R041641,6226,
L41642,CAR,KALINGA,,CITY OF TABUK (Capital),Dupag,Dg0041642,R041642,1154,
L41643,CAR,KALINGA,,CITY OF TABUK (Capital),Gobgob,Dg0041643,R041643,1823,
L41644,CAR,KALINGA,,CITY OF TABUK (Capital),Guilayon,Dg0041644,R041644,835,
L41645,CAR,KALINGA,,CITY OF TABUK (Capital),Lanna,Dg0041645,R041645,1082,
L41646,CAR,KALINGA,,CITY OF TABUK (Capital),Laya East,Dg0041646,R041646,3636,
L41647,CAR,KALINGA,,CITY OF TABUK (Capital),Laya West,Dg0041647,R041647,2649,
L41648,CAR,KALINGA,,CITY OF TABUK (Capital),Lucog,Dg0041648,R041648,1374,
L41649,CAR,KALINGA,,CITY OF TABUK (Capital),Magnao,Dg0041649,R041649,1014,
L41650,CAR,KALINGA,,CITY OF TABUK (Capital),Magsaysay,Dg0041650,R041650,3378,
L41651,CAR,KALINGA,,CITY OF TABUK (Capital),Malalao,Dg0041651,R041651,399,
L41652,CAR,KALINGA,,CITY OF TABUK (Capital),Masablang,Dg0041652,R041652,913,
L41653,CAR,KALINGA,,CITY OF TABUK (Capital),Nambaran,Dg0041653,R041653,3638,
L41654,CAR,KALINGA,,CITY OF TABUK (Capital),Nambucayan,Dg0041654,R041654,988,
L41655,CAR,KALINGA,,CITY OF TABUK (Capital),Naneng,Dg0041655,R041655,690,
L41656,CAR,KALINGA,,CITY OF TABUK (Capital),Dagupan Centro (Pob.),Dg0041656,R041656,3297,
L41657,CAR,KALINGA,,CITY OF TABUK (Capital),San Juan,Dg0041657,R041657,2115,
L41658,CAR,KALINGA,,CITY OF TABUK (Capital),Suyang,Dg0041658,R041658,332,
L41659,CAR,KALINGA,,CITY OF TABUK (Capital),Tuga,Dg0041659,R041659,1347,
L41660,CAR,KALINGA,,CITY OF TABUK (Capital),Bado Dangwa,Dg0041660,R041660,1669,
L41661,CAR,KALINGA,,CITY OF TABUK (Capital),Bulo,Dg0041661,R041661,5057,
L41662,CAR,KALINGA,,CITY OF TABUK (Capital),Casigayan,Dg0041662,R041662,2806,
L41663,CAR,KALINGA,,CITY OF TABUK (Capital),Cudal,Dg0041663,R041663,2785,
L41664,CAR,KALINGA,,CITY OF TABUK (Capital),Dagupan Weste,Dg0041664,R041664,3985,
L41665,CAR,KALINGA,,CITY OF TABUK (Capital),Lacnog,Dg0041665,R041665,3757,
L41666,CAR,KALINGA,,CITY OF TABUK (Capital),Malin-awa,Dg0041666,R041666,1765,
L41667,CAR,KALINGA,,CITY OF TABUK (Capital),New Tanglag,Dg0041667,R041667,1301,
L41668,CAR,KALINGA,,CITY OF TABUK (Capital),San Julian,Dg0041668,R041668,1184,
L41669,CAR,KALINGA,,CITY OF TABUK (Capital),Bulanao Norte,Dg0041669,R041669,6359,
L41670,CAR,KALINGA,,CITY OF TABUK (Capital),Ipil,Dg0041670,R041670,2606,
L41671,CAR,KALINGA,,TANUDAN,,Dg0041671,R041671,8529,
L41672,CAR,KALINGA,,TANUDAN,Anggacan,Dg0041672,R041672,320,
L41673,CAR,KALINGA,,TANUDAN,Babbanoy,Dg0041673,R041673,367,
L41674,CAR,KALINGA,,TANUDAN,Dacalan,Dg0041674,R041674,401,
L41675,CAR,KALINGA,,TANUDAN,Gaang,Dg0041675,R041675,559,
L41676,CAR,KALINGA,,TANUDAN,Lower Mangali,Dg0041676,R041676,301,
L41677,CAR,KALINGA,,TANUDAN,Lower Taloctoc,Dg0041677,R041677,318,
L41678,CAR,KALINGA,,TANUDAN,Lower Lubo,Dg0041678,R041678,632,
L41679,CAR,KALINGA,,TANUDAN,Upper Lubo,Dg0041679,R041679,522,
L41680,CAR,KALINGA,,TANUDAN,Mabaca,Dg0041680,R041680,801,
L41681,CAR,KALINGA,,TANUDAN,Pangol,Dg0041681,R041681,801,
L41682,CAR,KALINGA,,TANUDAN,Poblacion,Dg0041682,R041682,485,
L41683,CAR,KALINGA,,TANUDAN,Upper Taloctoc,Dg0041683,R041683,370,
L41684,CAR,KALINGA,,TANUDAN,Anggacan Sur,Dg0041684,R041684,224,
L41685,CAR,KALINGA,,TANUDAN,Dupligan,Dg0041685,R041685,1405,
L41686,CAR,KALINGA,,TANUDAN,Lay-asan,Dg0041686,R041686,614,
L41687,CAR,KALINGA,,TANUDAN,Mangali Centro,Dg0041687,R041687,409,
L41688,CAR,KALINGA,,TINGLAYAN,,Dg0041688,R041688,12557,
L41689,CAR,KALINGA,,TINGLAYAN,Ambato Legleg,Dg0041689,R041689,434,
L41690,CAR,KALINGA,,TINGLAYAN,Bangad Centro,Dg0041690,R041690,610,
L41691,CAR,KALINGA,,TINGLAYAN,Basao,Dg0041691,R041691,1196,
L41692,CAR,KALINGA,,TINGLAYAN,Belong Manubal,Dg0041692,R041692,469,
L41693,CAR,KALINGA,,TINGLAYAN,Butbut (Butbut-Ngibat),Dg0041693,R041693,580,
L41694,CAR,KALINGA,,TINGLAYAN,Bugnay,Dg0041694,R041694,992,
L41695,CAR,KALINGA,,TINGLAYAN,Buscalan (Buscalan-Locong),Dg0041695,R041695,703,
L41696,CAR,KALINGA,,TINGLAYAN,Dananao,Dg0041696,R041696,719,
L41697,CAR,KALINGA,,TINGLAYAN,Loccong,Dg0041697,R041697,495,
L41698,CAR,KALINGA,,TINGLAYAN,Luplupa,Dg0041698,R041698,521,
L41699,CAR,KALINGA,,TINGLAYAN,Mallango,Dg0041699,R041699,799,
L41700,CAR,KALINGA,,TINGLAYAN,Poblacion,Dg0041700,R041700,833,
L41701,CAR,KALINGA,,TINGLAYAN,Sumadel 1,Dg0041701,R041701,551,
L41702,CAR,KALINGA,,TINGLAYAN,Sumadel 2,Dg0041702,R041702,535,
L41703,CAR,KALINGA,,TINGLAYAN,Tulgao East,Dg0041703,R041703,535,
L41704,CAR,KALINGA,,TINGLAYAN,Tulgao West,Dg0041704,R041704,556,
L41705,CAR,KALINGA,,TINGLAYAN,Upper Bangad,Dg0041705,R041705,556,
L41706,CAR,KALINGA,,TINGLAYAN,Ngibat,Dg0041706,R041706,288,
L41707,CAR,KALINGA,,TINGLAYAN,Old Tinglayan,Dg0041707,R041707,306,
L41708,CAR,KALINGA,,TINGLAYAN,Lower Bangad,Dg0041708,R041708,879,
L41709,CAR,MOUNTAIN PROVINCE,,,,Dg0041709,R041709,154187,
L41710,CAR,MOUNTAIN PROVINCE,,BARLIG,,Dg0041710,R041710,5838,
L41711,CAR,MOUNTAIN PROVINCE,,BARLIG,Chupac,Dg0041711,R041711,642,
L41712,CAR,MOUNTAIN PROVINCE,,BARLIG,Fiangtin,Dg0041712,R041712,570,
L41713,CAR,MOUNTAIN PROVINCE,,BARLIG,Kaleo,Dg0041713,R041713,796,
L41714,CAR,MOUNTAIN PROVINCE,,BARLIG,Latang,Dg0041714,R041714,427,
L41715,CAR,MOUNTAIN PROVINCE,,BARLIG,Lias Kanluran,Dg0041715,R041715,501,
L41716,CAR,MOUNTAIN PROVINCE,,BARLIG,Lingoy,Dg0041716,R041716,240,
L41717,CAR,MOUNTAIN PROVINCE,,BARLIG,Lunas,Dg0041717,R041717,590,
L41718,CAR,MOUNTAIN PROVINCE,,BARLIG,Macalana,Dg0041718,R041718,310,
L41719,CAR,MOUNTAIN PROVINCE,,BARLIG,Ogoog,Dg0041719,R041719,539,
L41720,CAR,MOUNTAIN PROVINCE,,BARLIG,Gawana (Pob.),Dg0041720,R041720,759,
L41721,CAR,MOUNTAIN PROVINCE,,BARLIG,Lias Silangan,Dg0041721,R041721,464,
L41722,CAR,MOUNTAIN PROVINCE,,BAUKO,,Dg0041722,R041722,30172,
L41723,CAR,MOUNTAIN PROVINCE,,BAUKO,Abatan,Dg0041723,R041723,845,
L41724,CAR,MOUNTAIN PROVINCE,,BAUKO,Bagnen Oriente,Dg0041724,R041724,689,
L41725,CAR,MOUNTAIN PROVINCE,,BAUKO,Bagnen Proper,Dg0041725,R041725,750,
L41726,CAR,MOUNTAIN PROVINCE,,BAUKO,Balintaugan,Dg0041726,R041726,144,
L41727,CAR,MOUNTAIN PROVINCE,,BAUKO,Banao,Dg0041727,R041727,1822,
L41728,CAR,MOUNTAIN PROVINCE,,BAUKO,Bila (Bua),Dg0041728,R041728,1204,
L41729,CAR,MOUNTAIN PROVINCE,,BAUKO,Guinzadan Central,Dg0041729,R041729,1112,
L41730,CAR,MOUNTAIN PROVINCE,,BAUKO,Guinzadan Norte,Dg0041730,R041730,1088,
L41731,CAR,MOUNTAIN PROVINCE,,BAUKO,Guinzadan Sur,Dg0041731,R041731,1859,
L41732,CAR,MOUNTAIN PROVINCE,,BAUKO,Lagawa,Dg0041732,R041732,1085,
L41733,CAR,MOUNTAIN PROVINCE,,BAUKO,Leseb,Dg0041733,R041733,1348,
L41734,CAR,MOUNTAIN PROVINCE,,BAUKO,Mabaay,Dg0041734,R041734,1489,
L41735,CAR,MOUNTAIN PROVINCE,,BAUKO,Mayag,Dg0041735,R041735,910,
L41736,CAR,MOUNTAIN PROVINCE,,BAUKO,Monamon Norte,Dg0041736,R041736,2097,
L41737,CAR,MOUNTAIN PROVINCE,,BAUKO,Monamon Sur,Dg0041737,R041737,3574,
L41738,CAR,MOUNTAIN PROVINCE,,BAUKO,Mount Data,Dg0041738,R041738,674,
L41739,CAR,MOUNTAIN PROVINCE,,BAUKO,Otucan Norte,Dg0041739,R041739,508,
L41740,CAR,MOUNTAIN PROVINCE,,BAUKO,Otucan Sur,Dg0041740,R041740,994,
L41741,CAR,MOUNTAIN PROVINCE,,BAUKO,Poblacion (Bauko),Dg0041741,R041741,1630,
L41742,CAR,MOUNTAIN PROVINCE,,BAUKO,Sadsadan,Dg0041742,R041742,3036,
L41743,CAR,MOUNTAIN PROVINCE,,BAUKO,Sinto,Dg0041743,R041743,1042,
L41744,CAR,MOUNTAIN PROVINCE,,BAUKO,Tapapan,Dg0041744,R041744,2272,
L41745,CAR,MOUNTAIN PROVINCE,,BESAO,,Dg0041745,R041745,7818,
L41746,CAR,MOUNTAIN PROVINCE,,BESAO,Agawa,Dg0041746,R041746,431,
L41747,CAR,MOUNTAIN PROVINCE,,BESAO,Ambaguio,Dg0041747,R041747,349,
L41748,CAR,MOUNTAIN PROVINCE,,BESAO,Banguitan,Dg0041748,R041748,627,
L41749,CAR,MOUNTAIN PROVINCE,,BESAO,Besao East (Besao Proper),Dg0041749,R041749,356,
L41750,CAR,MOUNTAIN PROVINCE,,BESAO,Besao West,Dg0041750,R041750,493,
L41751,CAR,MOUNTAIN PROVINCE,,BESAO,Catengan,Dg0041751,R041751,733,
L41752,CAR,MOUNTAIN PROVINCE,,BESAO,Gueday,Dg0041752,R041752,748,
L41753,CAR,MOUNTAIN PROVINCE,,BESAO,Lacmaan,Dg0041753,R041753,263,
L41754,CAR,MOUNTAIN PROVINCE,,BESAO,Laylaya,Dg0041754,R041754,901,
L41755,CAR,MOUNTAIN PROVINCE,,BESAO,Padangan,Dg0041755,R041755,499,
L41756,CAR,MOUNTAIN PROVINCE,,BESAO,Payeo,Dg0041756,R041756,540,
L41757,CAR,MOUNTAIN PROVINCE,,BESAO,Suquib,Dg0041757,R041757,325,
L41758,CAR,MOUNTAIN PROVINCE,,BESAO,Tamboan,Dg0041758,R041758,803,
L41759,CAR,MOUNTAIN PROVINCE,,BESAO,Kin-iway (Pob.),Dg0041759,R041759,750,
L41760,CAR,MOUNTAIN PROVINCE,,BONTOC (Capital),,Dg0041760,R041760,23980,
L41761,CAR,MOUNTAIN PROVINCE,,BONTOC (Capital),Alab Proper,Dg0041761,R041761,848,
L41762,CAR,MOUNTAIN PROVINCE,,BONTOC (Capital),Alab Oriente,Dg0041762,R041762,523,
L41763,CAR,MOUNTAIN PROVINCE,,BONTOC (Capital),Balili,Dg0041763,R041763,403,
L41764,CAR,MOUNTAIN PROVINCE,,BONTOC (Capital),Bayyo,Dg0041764,R041764,282,
L41765,CAR,MOUNTAIN PROVINCE,,BONTOC (Capital),Bontoc Ili,Dg0041765,R041765,4987,
L41766,CAR,MOUNTAIN PROVINCE,,BONTOC (Capital),Caneo,Dg0041766,R041766,616,
L41767,CAR,MOUNTAIN PROVINCE,,BONTOC (Capital),Dalican,Dg0041767,R041767,990,
L41768,CAR,MOUNTAIN PROVINCE,,BONTOC (Capital),Gonogon,Dg0041768,R041768,659,
L41769,CAR,MOUNTAIN PROVINCE,,BONTOC (Capital),Guinaang,Dg0041769,R041769,1457,
L41770,CAR,MOUNTAIN PROVINCE,,BONTOC (Capital),Mainit,Dg0041770,R041770,1067,
L41771,CAR,MOUNTAIN PROVINCE,,BONTOC (Capital),Maligcong,Dg0041771,R041771,842,
L41772,CAR,MOUNTAIN PROVINCE,,BONTOC (Capital),Samoki,Dg0041772,R041772,2881,
L41773,CAR,MOUNTAIN PROVINCE,,BONTOC (Capital),Talubin,Dg0041773,R041773,1594,
L41774,CAR,MOUNTAIN PROVINCE,,BONTOC (Capital),Tocucan,Dg0041774,R041774,1291,
L41775,CAR,MOUNTAIN PROVINCE,,BONTOC (Capital),Poblacion (Bontoc),Dg0041775,R041775,3030,
L41776,CAR,MOUNTAIN PROVINCE,,BONTOC (Capital),Calutit,Dg0041776,R041776,2510,
L41777,CAR,MOUNTAIN PROVINCE,,NATONIN,,Dg0041777,R041777,10048,
L41778,CAR,MOUNTAIN PROVINCE,,NATONIN,Alunogan,Dg0041778,R041778,975,
L41779,CAR,MOUNTAIN PROVINCE,,NATONIN,Balangao,Dg0041779,R041779,1012,
L41780,CAR,MOUNTAIN PROVINCE,,NATONIN,Banao,Dg0041780,R041780,229,
L41781,CAR,MOUNTAIN PROVINCE,,NATONIN,Banawal,Dg0041781,R041781,2230,
L41782,CAR,MOUNTAIN PROVINCE,,NATONIN,Butac,Dg0041782,R041782,648,
L41783,CAR,MOUNTAIN PROVINCE,,NATONIN,Maducayan,Dg0041783,R041783,362,
L41784,CAR,MOUNTAIN PROVINCE,,NATONIN,Poblacion,Dg0041784,R041784,1492,
L41785,CAR,MOUNTAIN PROVINCE,,NATONIN,Saliok,Dg0041785,R041785,687,
L41786,CAR,MOUNTAIN PROVINCE,,NATONIN,Santa Isabel,Dg0041786,R041786,631,
L41787,CAR,MOUNTAIN PROVINCE,,NATONIN,Tonglayan,Dg0041787,R041787,1104,
L41788,CAR,MOUNTAIN PROVINCE,,NATONIN,Pudo,Dg0041788,R041788,678,
L41789,CAR,MOUNTAIN PROVINCE,,PARACELIS,,Dg0041789,R041789,26476,
L41790,CAR,MOUNTAIN PROVINCE,,PARACELIS,Anonat,Dg0041790,R041790,2265,
L41791,CAR,MOUNTAIN PROVINCE,,PARACELIS,Bacarni,Dg0041791,R041791,2599,
L41792,CAR,MOUNTAIN PROVINCE,,PARACELIS,Bananao,Dg0041792,R041792,2195,
L41793,CAR,MOUNTAIN PROVINCE,,PARACELIS,Bantay,Dg0041793,R041793,4191,
L41794,CAR,MOUNTAIN PROVINCE,,PARACELIS,Butigue,Dg0041794,R041794,2933,
L41795,CAR,MOUNTAIN PROVINCE,,PARACELIS,Bunot,Dg0041795,R041795,1693,
L41796,CAR,MOUNTAIN PROVINCE,,PARACELIS,Buringal,Dg0041796,R041796,2372,
L41797,CAR,MOUNTAIN PROVINCE,,PARACELIS,Palitod,Dg0041797,R041797,2541,
L41798,CAR,MOUNTAIN PROVINCE,,PARACELIS,Poblacion,Dg0041798,R041798,5687,
L41799,CAR,MOUNTAIN PROVINCE,,SABANGAN,,Dg0041799,R041799,8741,
L41800,CAR,MOUNTAIN PROVINCE,,SABANGAN,Bao-angan,Dg0041800,R041800,361,
L41801,CAR,MOUNTAIN PROVINCE,,SABANGAN,Bun-ayan,Dg0041801,R041801,915,
L41802,CAR,MOUNTAIN PROVINCE,,SABANGAN,Busa,Dg0041802,R041802,332,
L41803,CAR,MOUNTAIN PROVINCE,,SABANGAN,Camatagan,Dg0041803,R041803,785,
L41804,CAR,MOUNTAIN PROVINCE,,SABANGAN,Capinitan,Dg0041804,R041804,573,
L41805,CAR,MOUNTAIN PROVINCE,,SABANGAN,Data,Dg0041805,R041805,744,
L41806,CAR,MOUNTAIN PROVINCE,,SABANGAN,Gayang,Dg0041806,R041806,437,
L41807,CAR,MOUNTAIN PROVINCE,,SABANGAN,Lagan,Dg0041807,R041807,465,
L41808,CAR,MOUNTAIN PROVINCE,,SABANGAN,Losad,Dg0041808,R041808,556,
L41809,CAR,MOUNTAIN PROVINCE,,SABANGAN,Namatec,Dg0041809,R041809,645,
L41810,CAR,MOUNTAIN PROVINCE,,SABANGAN,Napua,Dg0041810,R041810,554,
L41811,CAR,MOUNTAIN PROVINCE,,SABANGAN,Pingad,Dg0041811,R041811,306,
L41812,CAR,MOUNTAIN PROVINCE,,SABANGAN,Poblacion,Dg0041812,R041812,1053,
L41813,CAR,MOUNTAIN PROVINCE,,SABANGAN,Supang,Dg0041813,R041813,498,
L41814,CAR,MOUNTAIN PROVINCE,,SABANGAN,Tambingan,Dg0041814,R041814,517,
L41815,CAR,MOUNTAIN PROVINCE,,SADANGA,,Dg0041815,R041815,9181,
L41816,CAR,MOUNTAIN PROVINCE,,SADANGA,Anabel,Dg0041816,R041816,873,
L41817,CAR,MOUNTAIN PROVINCE,,SADANGA,Belwang,Dg0041817,R041817,1210,
L41818,CAR,MOUNTAIN PROVINCE,,SADANGA,Betwagan,Dg0041818,R041818,2298,
L41819,CAR,MOUNTAIN PROVINCE,,SADANGA,Bekigan,Dg0041819,R041819,584,
L41820,CAR,MOUNTAIN PROVINCE,,SADANGA,Poblacion,Dg0041820,R041820,1547,
L41821,CAR,MOUNTAIN PROVINCE,,SADANGA,Sacasacan,Dg0041821,R041821,747,
L41822,CAR,MOUNTAIN PROVINCE,,SADANGA,Saclit,Dg0041822,R041822,1018,
L41823,CAR,MOUNTAIN PROVINCE,,SADANGA,Demang,Dg0041823,R041823,904,
L41824,CAR,MOUNTAIN PROVINCE,,SAGADA,,Dg0041824,R041824,11244,
L41825,CAR,MOUNTAIN PROVINCE,,SAGADA,Aguid,Dg0041825,R041825,596,
L41826,CAR,MOUNTAIN PROVINCE,,SAGADA,Tetepan Sur,Dg0041826,R041826,408,
L41827,CAR,MOUNTAIN PROVINCE,,SAGADA,Ambasing,Dg0041827,R041827,796,
L41828,CAR,MOUNTAIN PROVINCE,,SAGADA,Angkeling,Dg0041828,R041828,994,
L41829,CAR,MOUNTAIN PROVINCE,,SAGADA,Antadao,Dg0041829,R041829,360,
L41830,CAR,MOUNTAIN PROVINCE,,SAGADA,Balugan,Dg0041830,R041830,813,
L41831,CAR,MOUNTAIN PROVINCE,,SAGADA,Bangaan,Dg0041831,R041831,703,
L41832,CAR,MOUNTAIN PROVINCE,,SAGADA,Dagdag (Pob.),Dg0041832,R041832,814,
L41833,CAR,MOUNTAIN PROVINCE,,SAGADA,Demang (Pob.),Dg0041833,R041833,758,
L41834,CAR,MOUNTAIN PROVINCE,,SAGADA,Fidelisan,Dg0041834,R041834,462,
L41835,CAR,MOUNTAIN PROVINCE,,SAGADA,Kilong,Dg0041835,R041835,393,
L41836,CAR,MOUNTAIN PROVINCE,,SAGADA,Madongo,Dg0041836,R041836,485,
L41837,CAR,MOUNTAIN PROVINCE,,SAGADA,Poblacion (Patay),Dg0041837,R041837,1537,
L41838,CAR,MOUNTAIN PROVINCE,,SAGADA,Pide,Dg0041838,R041838,362,
L41839,CAR,MOUNTAIN PROVINCE,,SAGADA,Nacagang,Dg0041839,R041839,254,
L41840,CAR,MOUNTAIN PROVINCE,,SAGADA,Suyo,Dg0041840,R041840,395,
L41841,CAR,MOUNTAIN PROVINCE,,SAGADA,Taccong,Dg0041841,R041841,315,
L41842,CAR,MOUNTAIN PROVINCE,,SAGADA,Tanulong,Dg0041842,R041842,402,
L41843,CAR,MOUNTAIN PROVINCE,,SAGADA,Tetepan Norte,Dg0041843,R041843,397,
L41844,CAR,MOUNTAIN PROVINCE,,TADIAN,,Dg0041844,R041844,20689,
L41845,CAR,MOUNTAIN PROVINCE,,TADIAN,Balaoa,Dg0041845,R041845,1157,
L41846,CAR,MOUNTAIN PROVINCE,,TADIAN,Banaao,Dg0041846,R041846,885,
L41847,CAR,MOUNTAIN PROVINCE,,TADIAN,Bantey,Dg0041847,R041847,695,
L41848,CAR,MOUNTAIN PROVINCE,,TADIAN,Batayan,Dg0041848,R041848,713,
L41849,CAR,MOUNTAIN PROVINCE,,TADIAN,Bunga,Dg0041849,R041849,732,
L41850,CAR,MOUNTAIN PROVINCE,,TADIAN,Cadad-anan,Dg0041850,R041850,1234,
L41851,CAR,MOUNTAIN PROVINCE,,TADIAN,Cagubatan,Dg0041851,R041851,934,
L41852,CAR,MOUNTAIN PROVINCE,,TADIAN,Duagan,Dg0041852,R041852,287,
L41853,CAR,MOUNTAIN PROVINCE,,TADIAN,Dacudac,Dg0041853,R041853,1888,
L41854,CAR,MOUNTAIN PROVINCE,,TADIAN,Kayan East,Dg0041854,R041854,896,
L41855,CAR,MOUNTAIN PROVINCE,,TADIAN,Lenga,Dg0041855,R041855,715,
L41856,CAR,MOUNTAIN PROVINCE,,TADIAN,Lubon,Dg0041856,R041856,2073,
L41857,CAR,MOUNTAIN PROVINCE,,TADIAN,Mabalite,Dg0041857,R041857,491,
L41858,CAR,MOUNTAIN PROVINCE,,TADIAN,Masla,Dg0041858,R041858,1265,
L41859,CAR,MOUNTAIN PROVINCE,,TADIAN,Pandayan,Dg0041859,R041859,948,
L41860,CAR,MOUNTAIN PROVINCE,,TADIAN,Poblacion,Dg0041860,R041860,3194,
L41861,CAR,MOUNTAIN PROVINCE,,TADIAN,Sumadel,Dg0041861,R041861,752,
L41862,CAR,MOUNTAIN PROVINCE,,TADIAN,Tue,Dg0041862,R041862,881,
L41863,CAR,MOUNTAIN PROVINCE,,TADIAN,Kayan West,Dg0041863,R041863,949,
